run_id,run_time,sample_id,group_id,retrieval_mode,single_agent_retrieval_mode,agent_mode,effective_agent_mode,route_target,route_difficulty,route_confidence,route_used_llm,route_fallback_to_g5,enable_review,enable_revision,model_name,latency_ms,input_tokens,output_tokens,total_tokens,approved_like,executability_score,safety_score,constraint_alignment_score,evidence_grounding_score,total_score,rule_total_score,score_backend,llm_judge_enabled,llm_judge_success,llm_judge_weight,llm_judge_model,llm_executability_score,llm_safety_score,llm_compliance_score,llm_overall_score,llm_judge_reason,llm_judge_error,constraint_coverage,critical_miss_rate,has_forbidden_action,critical_action_missed,missing_actions_count,violated_constraints_count,evidence_hit_count,notes
R20260413001939,2026-04-13T00:19:39,S001,single_none_full,none,none,single,single_agent,single_agent,unknown,1.0,0,0,0,0,gemma-3-27b-it,15121,0,0,0,1,0.8,0.9,0.9,0.7,0.91,0.85,llm,1,1,0.5,xopdeepseekv32,0.95,0.9,0.98,0.91,策略步骤清晰具体，覆盖应急响应全流程，可执行性强。风险控制全面，考虑了二次事故、火灾、伤员救治和环境监测。与相关法律法规和应急预案高度一致。,,0.9,0.0,0,0,0,0,1,实验模式：single_agent 已执行单智能体一体化处置，跳过评审
R20260413001939,2026-04-13T00:19:39,S002,single_none_full,none,none,single,single_agent,single_agent,unknown,1.0,0,0,0,0,gemma-3-27b-it,17210,0,0,0,1,0.8,0.9,0.9,0.7,0.92,0.85,llm,1,1,0.5,xopdeepseekv32,0.95,0.88,0.98,0.92,步骤完整且可操作性强，覆盖了管制、救援、泄漏处理、通风、环保等关键环节。对可燃蒸汽和通风系统失效的风险控制措施明确。严格遵循了相关法律法规和应急预案。,,0.9,0.0,0,0,0,0,1,实验模式：single_agent 已执行单智能体一体化处置，跳过评审
R20260413001939,2026-04-13T00:19:39,S003,single_none_full,none,none,single,single_agent,single_agent,unknown,1.0,0,0,0,0,gemma-3-27b-it,19356,0,0,0,1,0.9,0.95,0.9,0.8,0.8,0.88,llm,1,1,0.5,xopdeepseekv32,0.8,0.7,0.9,0.8,方案步骤完整清晰，职责分工明确，符合法规。但对悬空客车的稳定、转移顺序及恶劣天气下的救援安全考虑可更具体，存在一定安全风险。,,0.9,0.0,0,0,0,0,2,实验模式：single_agent 已执行单智能体一体化处置，跳过评审
R20260413001939,2026-04-13T00:19:39,S004,single_none_full,none,none,single,single_agent,single_agent,unknown,1.0,0,0,0,0,gemma-3-27b-it,14855,0,0,0,1,0.9,0.9,1.0,0.8,0.95,0.9,llm,1,1,0.5,xopdeepseekv32,0.95,0.92,0.97,0.95,策略步骤清晰具体，覆盖预警、管制、救援、排水、防护、交通调整和恢复全过程，可执行性强。安全措施考虑全面，包括防止二次事故和次生灾害。符合相关法律法规和应急管理要求。,,1.0,0.0,0,0,0,0,2,实验模式：single_agent 已执行单智能体一体化处置，跳过评审
R20260413001939,2026-04-13T00:19:39,S005,single_none_full,none,none,single,single_agent,single_agent,unknown,1.0,0,0,0,0,gemma-3-27b-it,13521,0,0,0,1,0.9,0.9,0.9,0.8,0.85,0.88,llm,1,1,0.5,xopdeepseekv32,0.85,0.8,0.95,0.85,方案步骤具体，职责明确，可执行性强。考虑了伤员救治、驾驶员转移和现场风险控制，但清理大型建材可能产生新的风险未详细说明。预案启动及各步骤均符合相关法律法规和应急预案要求。,,0.9,0.0,0,0,0,0,2,实验模式：single_agent 已执行单智能体一体化处置，跳过评审
R20260413001939,2026-04-13T00:19:39,S006,single_none_full,none,none,single,single_agent,single_agent,unknown,1.0,0,0,0,0,gemma-3-27b-it,18263,0,0,0,1,0.8,0.9,0.8,0.7,0.9,0.8,llm,1,1,0.5,xopdeepseekv32,0.9,0.85,0.95,0.9,步骤清晰完整，职责明确，覆盖主要处置环节；充分考虑了危化品泄漏、火灾、能见度低和二次爆燃风险，并设有评估与监测环节；符合所列法律法规和应急预案要求，流程规范。,,0.8,0.0,0,0,0,0,1,实验模式：single_agent 已执行单智能体一体化处置，跳过评审
R20260413001939,2026-04-13T00:19:39,S007,single_none_full,none,none,single,single_agent,single_agent,unknown,1.0,0,0,0,0,gemma-3-27b-it,14872,0,0,0,1,0.9,0.95,0.9,0.8,0.93,0.88,llm,1,1,0.5,xopdeepseekv32,0.95,0.9,0.95,0.93,方案步骤具体、逻辑完整，可操作性强，考虑了现场风险控制并引用了相关法规，无明显新增风险。,,0.9,0.0,0,0,0,0,2,实验模式：single_agent 已执行单智能体一体化处置，跳过评审
R20260413001939,2026-04-13T00:19:39,S008,single_none_full,none,none,single,single_agent,single_agent,unknown,1.0,0,0,0,0,gemma-3-27b-it,13809,0,0,0,1,0.8,0.9,0.7,0.8,0.92,0.8,llm,1,1,0.5,xopdeepseekv32,0.9,0.9,0.95,0.92,方案步骤清晰完整，分工明确，可执行性强。全面考虑了现场安全、伤员救治、交通疏导和事后处置，符合交通安全法律法规及应急管理要求。,,0.7,0.0,0,0,0,0,2,实验模式：single_agent 已执行单智能体一体化处置，跳过评审
R20260413001939,2026-04-13T00:19:39,S009,single_none_full,none,none,single,single_agent,single_agent,unknown,1.0,0,0,0,0,gemma-3-27b-it,14728,0,0,0,1,0.8,0.9,0.8,0.7,0.88,0.8,llm,1,1,0.5,xopdeepseekv32,0.9,0.8,0.95,0.88,方案步骤清晰完整，具有可操作性；考虑了救援风险和二次灾害监测，但“提供必要的生存指导”等细节可更具体；完全符合相关法规和预案要求。,,0.8,0.0,0,0,0,0,1,实验模式：single_agent 已执行单智能体一体化处置，跳过评审
R20260413001939,2026-04-13T00:19:39,S010,single_none_full,none,none,single,single_agent,single_agent,unknown,1.0,0,0,0,0,gemma-3-27b-it,13150,0,0,0,1,0.8,0.9,0.9,0.7,0.92,0.85,llm,1,1,0.5,xopdeepseekv32,0.9,0.85,1.0,0.92,方案步骤清晰、完整、可操作，覆盖从启动预案到恢复秩序的应急全流程。重点风险如加油站、围观人群均得到控制，并强调了断电等安全措施。所有行动均符合相关法律法规和应急预案要求。,,0.9,0.0,0,0,0,0,1,实验模式：single_agent 已执行单智能体一体化处置，跳过评审
R20260413001939,2026-04-13T00:19:39,S011,single_none_full,none,none,single,single_agent,single_agent,unknown,1.0,0,0,0,0,gemma-3-27b-it,14652,0,0,0,1,0.7,0.8,0.8,0.7,0.9,0.75,llm,1,1,0.5,xopdeepseekv32,0.95,0.85,1.0,0.9,方案步骤完整、可操作，覆盖了交通管制、泄漏控制、人员疏散、医疗救治、环境监测、事故调查和恢复等关键环节。方案充分考虑了安全风险控制并引用了相关法律法规，符合应急响应预案要求。对泄漏的具体控制措施描述稍显笼统。,,0.8,0.0,0,0,1,0,2,实验模式：single_agent 已执行单智能体一体化处置，跳过评审
R20260413001939,2026-04-13T00:19:39,S012,single_none_full,none,none,single,single_agent,single_agent,unknown,1.0,0,0,0,0,gemma-3-27b-it,14112,0,0,0,1,0.8,0.9,0.7,0.8,0.87,0.8,llm,1,1,0.5,xopdeepseekv32,0.85,0.8,0.95,0.87,方案步骤具体完整，职责清晰，可操作性强。针对起火风险和伤员处理措施合理。紧密结合列举的法律法规和应急预案框架，合规性高。,,0.7,0.0,0,0,0,0,2,实验模式：single_agent 已执行单智能体一体化处置，跳过评审
R20260413001939,2026-04-13T00:19:39,S013,single_none_full,none,none,single,single_agent,single_agent,unknown,1.0,0,0,0,0,gemma-3-27b-it,17348,0,0,0,1,0.8,0.9,0.7,0.8,0.9,0.8,llm,1,1,0.5,xopdeepseekv32,0.9,0.85,0.95,0.9,方案步骤详细具体，职责清晰，可执行性强。关注通风排烟、气体监测和结构安全，控制风险。全面引用相关法律法规，符合应急处理预案要求。,,0.7,0.0,0,0,0,0,2,实验模式：single_agent 已执行单智能体一体化处置，跳过评审
R20260413001939,2026-04-13T00:19:39,S014,single_none_full,none,none,single,single_agent,single_agent,unknown,1.0,0,0,0,0,gemma-3-27b-it,13662,0,0,0,1,0.7,0.8,0.6,0.7,0.8,0.7,llm,1,1,0.5,xopdeepseekv32,0.85,0.7,0.9,0.8,方案步骤清晰完整，可执行性强。但风险控制考虑不足，未明确处置持续开裂与极高扩大风险的具体措施，也未充分体现各单位的协同作业。,,0.6,0.0,0,0,1,0,1,实验模式：single_agent 已执行单智能体一体化处置，跳过评审
R20260413001939,2026-04-13T00:19:39,S015,single_none_full,none,none,single,single_agent,single_agent,unknown,1.0,0,0,0,0,gemma-3-27b-it,14809,0,0,0,1,0.7,0.6,0.5,0.6,0.87,0.6,llm,1,1,0.5,xopdeepseekv32,0.9,0.8,0.9,0.87,方案步骤完整、具体，可执行性强，覆盖了从应急响应到事后处理的全部环节，且符合相关法律法规和预案要求。针对山区坠崖特殊场景（如救援难度大、起火）的风险控制措施可以更具体，如增加空中救援、灭火与破拆协同、防坠落措施等专门说明。,,0.5,0.0,0,0,1,0,1,实验模式：single_agent 已执行单智能体一体化处置，跳过评审
R20260413001939,2026-04-13T00:19:39,S016,single_none_full,none,none,single,single_agent,single_agent,unknown,1.0,0,0,0,0,gemma-3-27b-it,19078,0,0,0,1,0.8,0.9,0.7,0.8,0.88,0.8,llm,1,1,0.5,xopdeepseekv32,0.8,0.9,0.95,0.88,方案步骤完整具体，职责明确，可执行性较强。充分考虑了泄漏、爆炸风险控制及伤员救治。高度符合相关法律法规和应急预案要求。,,0.7,0.0,0,0,0,0,2,实验模式：single_agent 已执行单智能体一体化处置，跳过评审
R20260413001939,2026-04-13T00:19:39,S017,single_none_full,none,none,single,single_agent,single_agent,unknown,1.0,0,0,0,0,gemma-3-27b-it,13579,0,0,0,1,0.9,0.9,0.8,0.7,0.9,0.85,llm,1,1,0.5,xopdeepseekv32,0.9,0.85,0.95,0.9,方案步骤完整、顺序合理，覆盖管制、救援、清理、调查全流程，可执行性强。充分考虑了侧翻、散落物及桥梁结构等风险，明确责任部门，符合相关法律法规和应急预案。,,0.8,0.0,0,0,0,0,1,实验模式：single_agent 已执行单智能体一体化处置，跳过评审
R20260413001939,2026-04-13T00:19:39,S018,single_none_full,none,none,single,single_agent,single_agent,unknown,1.0,0,0,0,0,gemma-3-27b-it,14304,0,0,0,1,0.85,0.9,0.8,0.7,0.8,0.82,llm,1,1,0.5,xopdeepseekv32,0.8,0.7,0.9,0.8,方案步骤清晰、职责明确，联动单位指令具体。步骤6“进行固定”操作可执行性需加强。兼顾了搜救、防沉、防污等主要风险，符合交通、环保等法规预案要求。,,0.8,0.0,0,0,0,0,1,实验模式：single_agent 已执行单智能体一体化处置，跳过评审
R20260413001939,2026-04-13T00:19:39,S019,single_none_full,none,none,single,single_agent,single_agent,unknown,1.0,0,0,0,0,gemma-3-27b-it,14295,0,0,0,1,0.8,0.9,0.8,0.7,0.83,0.8,llm,1,1,0.5,xopdeepseekv32,0.85,0.7,0.95,0.83,方案流程完整、职责清晰、符合规范。但针对现场混乱恐慌易引发踩踏的核心风险，缺乏专门疏导、隔离人流的明确指令，风险控制不够充分。,,0.8,0.0,0,0,0,0,1,实验模式：single_agent 已执行单智能体一体化处置，跳过评审
R20260413001939,2026-04-13T00:19:39,S020,single_none_full,none,none,single,single_agent,single_agent,unknown,1.0,0,0,0,0,gemma-3-27b-it,14542,0,0,0,1,0.8,0.9,0.7,0.6,0.9,0.75,llm,1,1,0.5,xopdeepseekv32,0.9,0.8,1.0,0.9,方案步骤具体、完整，覆盖了从启动预案、现场处置到善后的全过程，无口号式表述，可执行性强。充分考虑了救援、交通管制和人群疏散等安全风险，且完全符合相关法律法规与应急预案要求。,,0.7,0.0,0,0,0,0,1,实验模式：single_agent 已执行单智能体一体化处置，跳过评审
R20260413001939,2026-04-13T00:19:39,S021,single_none_full,none,none,single,single_agent,single_agent,unknown,1.0,0,0,0,0,gemma-3-27b-it,17306,0,0,0,1,0.7,0.8,0.6,0.7,0.95,0.7,llm,1,1,0.5,xopdeepseekv32,0.95,0.9,1.0,0.95,方案步骤完整、具体、可操作性强，直接针对事故风险（能见度、缺水、中暑）部署了警戒、补水、医疗和现场防护措施，严格遵守法律法规和预案要求，体现了系统性应急响应。,,0.6,0.0,0,0,1,0,1,实验模式：single_agent 已执行单智能体一体化处置，跳过评审
R20260413001939,2026-04-13T00:19:39,S022,single_none_full,none,none,single,single_agent,single_agent,unknown,1.0,0,0,0,0,gemma-3-27b-it,13402,0,0,0,1,0.8,0.9,0.7,0.8,0.9,0.8,llm,1,1,0.5,xopdeepseekv32,0.9,0.85,0.95,0.9,方案步骤清晰、完整、可执行，响应流程符合应急预案要求，但对二次翻滚风险仅提及评估和加固，具体措施略为宽泛。,,0.7,0.0,0,0,1,0,1,实验模式：single_agent 已执行单智能体一体化处置，跳过评审
R20260413001939,2026-04-13T00:19:39,S023,single_none_full,none,none,single,single_agent,single_agent,unknown,1.0,0,0,0,0,gemma-3-27b-it,16997,0,0,0,1,0.7,0.8,0.6,0.7,0.8,0.7,llm,1,1,0.5,xopdeepseekv32,0.75,0.8,0.85,0.8,方案步骤完整，职责分工明确，针对泄漏、疏散、转移和恢复等关键环节均有部署，符合应急原则与法规。但部分措施执行顺序（如先评估后封堵、疏散与监测等）可进一步优化，未明确提及核心风险源（泄漏阀门）的具体封堵或转移操作细节。,,0.6,0.0,0,0,1,0,1,实验模式：single_agent 已执行单智能体一体化处置，跳过评审
R20260413001939,2026-04-13T00:19:39,S024,single_none_full,none,none,single,single_agent,single_agent,unknown,1.0,0,0,0,0,gemma-3-27b-it,14388,0,0,0,1,0.8,0.9,0.8,0.7,0.9,0.8,llm,1,1,0.5,xopdeepseekv32,0.85,0.9,0.95,0.9,方案步骤详细具体，覆盖伤员救治、现场控制、疏导、调查和预防措施，可执行性强。全面考虑了安全风险，如防止二次事故。法律引用恰当，符合相关应急程序。,,0.8,0.0,0,0,1,0,1,实验模式：single_agent 已执行单智能体一体化处置，跳过评审
R20260413001939,2026-04-13T00:19:39,S025,single_none_full,none,none,single,single_agent,single_agent,unknown,1.0,0,0,0,0,gemma-3-27b-it,18063,0,0,0,1,0.8,0.9,0.7,0.6,0.9,0.75,llm,1,1,0.5,xopdeepseekv32,0.95,0.9,1.0,0.9,方案步骤清晰、职责分明、可操作性强，完整覆盖现场管控、人员救援、财产保护和事后评估。充分考虑潮水风险并控制衍生风险。明确启动应急预案，符合相关法律法规。,,0.7,0.0,0,0,1,0,1,实验模式：single_agent 已执行单智能体一体化处置，跳过评审
R20260413001939,2026-04-13T00:19:39,S026,single_none_full,none,none,single,single_agent,single_agent,unknown,1.0,0,0,0,0,gemma-3-27b-it,14326,0,0,0,1,0.8,0.9,0.8,0.7,0.9,0.8,llm,1,1,0.5,xopdeepseekv32,0.9,0.8,1.0,0.9,方案步骤清晰完整，职责明确，可执行性强。充分考虑了人员救援与现场安全，但针对大雾环境下后续车辆连环碰撞风险的具体缓堵和预警措施可进一步加强。完全符合相关法律法规和应急预案要求。,,0.8,0.0,0,0,0,0,1,实验模式：single_agent 已执行单智能体一体化处置，跳过评审
R20260413001939,2026-04-13T00:19:39,S027,single_none_full,none,none,single,single_agent,single_agent,unknown,1.0,0,0,0,0,gemma-3-27b-it,20295,0,0,0,1,0.8,0.9,0.7,0.8,0.9,0.8,llm,1,1,0.5,xopdeepseekv32,0.9,0.85,0.95,0.9,方案步骤具体，职责分工明确，可执行性强。但部分措施如“防止污染环境”和“确保交通安全”较为原则性，可操作性可进一步提升。整体符合相关法律法规和预案要求。,,0.7,0.0,0,0,0,0,1,实验模式：single_agent 已执行单智能体一体化处置，跳过评审
R20260413001939,2026-04-13T00:19:39,S028,single_none_full,none,none,single,single_agent,single_agent,unknown,1.0,0,0,0,0,gemma-3-27b-it,21541,0,0,0,1,0.6,0.7,0.5,0.6,0.9,0.6,llm,1,1,0.5,xopdeepseekv32,0.9,0.85,0.95,0.9,步骤完整明确，可执行性强，覆盖了救援、管制、灭火、疏散、监测、恢复等关键环节。风险考虑较充分，重点提及配电房和烟雾风险。方案严格遵守相关法律法规与应急预案流程。,,0.5,0.0,0,0,1,0,1,实验模式：single_agent 已执行单智能体一体化处置，跳过评审
R20260413001939,2026-04-13T00:19:39,S029,single_none_full,none,none,single,single_agent,single_agent,unknown,1.0,0,0,0,0,gemma-3-27b-it,23468,0,0,0,1,0.8,0.9,0.9,0.7,0.9,0.85,llm,1,1,0.5,xopdeepseekv32,0.9,0.8,1.0,0.9,方案步骤清晰完整，可执行性强，严格遵循相关法律法规和应急预案。对起火、二次事故等主要风险有管控，但对暴雨、渗水环境下的具体安全措施（如防滑、排水）及隧道内尾气中毒风险针对性控制稍显不足。,,0.9,0.0,0,0,0,0,1,实验模式：single_agent 已执行单智能体一体化处置，跳过评审
R20260413001939,2026-04-13T00:19:39,S030,single_none_full,none,none,single,single_agent,single_agent,unknown,1.0,0,0,0,0,gemma-3-27b-it,21452,0,0,0,1,0.9,0.9,0.9,0.8,0.9,0.88,llm,1,1,0.5,xopdeepseekv32,0.9,0.9,0.9,0.9,方案步骤具体完整，行动逻辑清晰，涵盖现场管控、人员救护、除冰作业、游客安抚及后期调查等关键环节，充分考虑了伤员、滞留者安全及次生灾害预防，并明确依据多项应急预案和法律法规。,,0.9,0.0,0,0,0,0,2,实验模式：single_agent 已执行单智能体一体化处置，跳过评审
R20260413001939,2026-04-13T00:19:39,S031,single_none_full,none,none,single,single_agent,single_agent,unknown,1.0,0,0,0,0,gemma-3-27b-it,21608,0,0,0,1,0.85,0.9,0.8,0.7,0.9,0.82,llm,1,1,0.5,xopdeepseekv32,0.9,0.85,0.95,0.9,方案步骤明确、完整，符合I级应急响应流程，涵盖现场控制、救援、通讯、监测、灾后处置等关键环节。强调多部门协同与安全优先，引用相关法律，合规性强。对洪水上涨等动态风险有持续应对措施。,,0.8,0.0,0,0,1,0,1,实验模式：single_agent 已执行单智能体一体化处置，跳过评审
R20260413001939,2026-04-13T00:19:39,S032,single_none_full,none,none,single,single_agent,single_agent,unknown,1.0,0,0,0,0,gemma-3-27b-it,17709,0,0,0,1,0.6,0.7,0.4,0.6,0.9,0.6,llm,1,1,0.5,xopdeepseekv32,0.9,0.8,1.0,0.9,方案步骤清晰完整，行动主体明确，可执行性强。控制现场风险，救援流程及时。完全符合相关法律法规和应急预案要求。,,0.4,0.0,0,0,1,0,1,实验模式：single_agent 已执行单智能体一体化处置，跳过评审
R20260413001939,2026-04-13T00:19:39,S033,single_none_full,none,none,single,single_agent,single_agent,unknown,1.0,0,0,0,0,gemma-3-27b-it,25571,0,0,0,1,0.7,0.8,0.6,0.7,0.9,0.7,llm,1,1,0.5,xopdeepseekv32,0.9,0.85,0.95,0.9,方案步骤清晰完整，针对事故、伤员、拥堵、围观等风险点均有明确控制措施。整体符合法律法规与应急预案要求，可执行性强。,,0.6,0.0,0,0,1,0,1,实验模式：single_agent 已执行单智能体一体化处置，跳过评审
R20260413001939,2026-04-13T00:19:39,S034,single_none_full,none,none,single,single_agent,single_agent,unknown,1.0,0,0,0,0,gemma-3-27b-it,22902,0,0,0,1,0.9,0.9,0.8,0.7,0.9,0.85,llm,1,1,0.5,xopdeepseekv32,0.9,0.8,1.0,0.9,方案步骤清晰完整，可执行性强；重视伤员救治与落石监测，但指导工程车移动步骤在有持续落石情况下存在新风险；严格遵守相关法规预案。,,0.8,0.0,0,0,0,0,1,实验模式：single_agent 已执行单智能体一体化处置，跳过评审
R20260413001939,2026-04-13T00:19:39,S035,single_none_full,none,none,single,single_agent,single_agent,unknown,1.0,0,0,0,0,gemma-3-27b-it,15238,0,0,0,1,0.8,0.9,0.9,0.7,0.9,0.85,llm,1,1,0.5,xopdeepseekv32,0.95,0.9,1.0,0.9,方案步骤完整、职责清晰，符合应急处置流程与法规要求。对泄漏处置、伤员救护、环境监测、交通管控及周边疏散均有具体措施，可执行性强。主要风险环节控制得当，未发现明显新风险。,,0.9,0.0,0,0,0,0,1,实验模式：single_agent 已执行单智能体一体化处置，跳过评审
R20260413001939,2026-04-13T00:19:39,S036,single_none_full,none,none,single,single_agent,single_agent,unknown,1.0,0,0,0,0,gemma-3-27b-it,20368,0,0,0,1,0.8,0.9,0.8,0.7,0.89,0.8,llm,1,1,0.5,xopdeepseekv32,0.85,0.9,0.95,0.89,方案步骤清晰完整，覆盖应急响应、救援、管控、调查及善后等环节，可执行性强。注重风险控制（加固围挡、扩大管制）与伤员救治，并明确启动预案与调查追责，符合法规要求。,,0.8,0.0,0,0,1,0,1,实验模式：single_agent 已执行单智能体一体化处置，跳过评审
R20260413001939,2026-04-13T00:19:39,S037,single_none_full,none,none,single,single_agent,single_agent,unknown,1.0,0,0,0,0,gemma-3-27b-it,24431,0,0,0,1,0.8,0.9,0.9,0.8,0.9,0.85,llm,1,1,0.5,xopdeepseekv32,0.9,0.85,1.0,0.9,方案步骤完整清晰，可执行性强，覆盖警戒、清障、食品安全与环保处理全流程。预案启动、部门联动与法律依据明确。但在风险控制上，对变质冻品即时风险（如人员接触、生物污染）的现场隔离与管理措施可更具体。,,0.9,0.0,0,0,0,0,2,实验模式：single_agent 已执行单智能体一体化处置，跳过评审
R20260413001939,2026-04-13T00:19:39,S038,single_none_full,none,none,single,single_agent,single_agent,unknown,1.0,0,0,0,0,gemma-3-27b-it,13547,0,0,0,1,0.9,1.0,1.0,0.8,0.93,0.9,llm,1,1,0.5,xopdeepseekv32,0.9,0.9,1.0,0.93,方案步骤具体、顺序合理，可执行性强。明确控制了漏电、水压、水位上涨等风险，并强调了现场安全评估。完全符合法律法规和应急预案要求。,,1.0,0.0,0,0,0,0,2,实验模式：single_agent 已执行单智能体一体化处置，跳过评审
R20260413001939,2026-04-13T00:19:39,S039,single_none_full,none,none,single,single_agent,single_agent,unknown,1.0,0,0,0,0,gemma-3-27b-it,14677,0,0,0,1,0.8,0.9,0.7,0.8,0.87,0.8,llm,1,1,0.5,xopdeepseekv32,0.9,0.8,0.9,0.87,方案步骤完整、逻辑清晰，可操作性强，符合法规预案。对伤员救治、现场控制、清理、管制和原因调查均有明确安排。但直接清理被撞设备可能影响证据保全，且方案本身未充分考虑重伤人员现场急救与转运衔接的具体风险。,,0.7,0.0,0,0,1,0,2,实验模式：single_agent 已执行单智能体一体化处置，跳过评审
R20260413001939,2026-04-13T00:19:39,S040,single_none_full,none,none,single,single_agent,single_agent,unknown,1.0,0,0,0,0,gemma-3-27b-it,13936,0,0,0,1,0.8,0.9,0.7,0.7,0.9,0.78,llm,1,1,0.5,xopdeepseekv32,0.9,0.8,1.0,0.9,方案步骤清晰、完整，可操作性强，严格遵循了相关法规和预案要求。在安全方面考虑了人员救援优先级和二次事故预防，但对事故现场具体的“无专业救援设备”条件应对细节可更具体。,,0.7,0.0,0,0,1,0,1,实验模式：single_agent 已执行单智能体一体化处置，跳过评审
R20260413001939,2026-04-13T00:19:39,S041,single_none_full,none,none,single,single_agent,single_agent,unknown,1.0,0,0,0,0,gemma-3-27b-it,12831,0,0,0,1,0.8,0.9,0.7,0.7,0.87,0.78,llm,1,1,0.5,xopdeepseekv32,0.9,0.8,0.9,0.87,方案步骤清晰完整，可操作性强，考虑了现场勘查、人员救治、动物处理、交通疏导和事后复盘等关键环节，符合法规。对动物处理提出了具体联动要求，但该环节本身可能引入新的安全不确定性，略有扣分。,,0.7,0.0,0,0,1,0,1,实验模式：single_agent 已执行单智能体一体化处置，跳过评审
R20260413001939,2026-04-13T00:19:39,S042,single_none_full,none,none,single,single_agent,single_agent,unknown,1.0,0,0,0,0,gemma-3-27b-it,14428,0,0,0,1,0.8,0.9,0.7,0.6,0.9,0.75,llm,1,1,0.5,xopdeepseekv32,0.85,0.9,0.95,0.9,策略步骤清晰完整，覆盖联动处置全过程，未出现口号式表述。措施有效控制事故现场风险，尤其强调防止二次追尾。严格遵守相关法律法规和应急预案，响应程序规范。,,0.7,0.0,0,0,1,0,1,实验模式：single_agent 已执行单智能体一体化处置，跳过评审
R20260413001939,2026-04-13T00:19:39,S043,single_none_full,none,none,single,single_agent,single_agent,unknown,1.0,0,0,0,0,gemma-3-27b-it,13599,0,0,0,1,0.9,0.9,0.8,0.7,0.91,0.85,llm,1,1,0.5,xopdeepseekv32,0.95,0.9,0.93,0.91,步骤具体、逻辑清晰，覆盖事故处置全流程，针对性处理结冰、救援、调查与预防。符合法规与预案要求，重点防止二次事故，安全风险控制得当。,,0.8,0.0,0,0,0,0,1,实验模式：single_agent 已执行单智能体一体化处置，跳过评审
R20260413001939,2026-04-13T00:19:39,S044,single_none_full,none,none,single,single_agent,single_agent,unknown,1.0,0,0,0,0,gemma-3-27b-it,14039,0,0,0,1,0.8,0.9,0.7,0.8,0.83,0.8,llm,1,1,0.5,xopdeepseekv32,0.8,0.8,0.9,0.83,方案步骤完整清晰，各部门职责明确，操作性强。充分考虑了火灾风险和人员救援。法律依据引用充分，符合应急预案要求。个别步骤（如清理路面）顺序可优化。,,0.7,0.0,0,0,1,0,2,实验模式：single_agent 已执行单智能体一体化处置，跳过评审
R20260413001939,2026-04-13T00:19:39,S045,single_none_full,none,none,single,single_agent,single_agent,unknown,1.0,0,0,0,0,gemma-3-27b-it,14119,0,0,0,1,0.8,0.9,0.7,0.8,0.92,0.8,llm,1,1,0.5,xopdeepseekv32,0.95,0.9,0.98,0.92,方案步骤清晰完整，可执行性强，涉及现场控制、救援、清理、调查和恢复等各环节。对人员安全、现场安全和后续交通安全均有考虑，符合相关法律法规和应急预案要求。,,0.7,0.0,0,0,0,0,1,实验模式：single_agent 已执行单智能体一体化处置，跳过评审
R20260413001939,2026-04-13T00:19:39,S046,single_none_full,none,none,single,single_agent,single_agent,unknown,1.0,0,0,0,0,gemma-3-27b-it,13798,0,0,0,1,0.7,0.6,0.5,0.7,0.9,0.63,llm,1,1,0.5,xopdeepseekv32,0.9,0.9,0.9,0.9,方案步骤清晰完整，覆盖现场处置、伤员救助、调查清理及善后改进等各环节，可执行性强。对防止二次事故、救助伤员及设施检查等风险控制充分。完全符合所列法律法规与应急流程要求。,,0.5,0.0,0,0,1,0,2,实验模式：single_agent 已执行单智能体一体化处置，跳过评审
R20260413001939,2026-04-13T00:19:39,S047,single_none_full,none,none,single,single_agent,single_agent,unknown,1.0,0,0,0,0,gemma-3-27b-it,15205,0,0,0,1,0.8,0.9,0.7,0.7,0.9,0.78,llm,1,1,0.5,xopdeepseekv32,0.9,0.8,1.0,0.9,方案步骤清晰完整，无口号，可操作性强。充分考虑了现场安全与医疗救治，但在极端环境下，对乘客和救援人员的持续安全与保暖措施细节不足。严格遵守了列出的相关法律法规和预案要求。,,0.7,0.0,0,0,1,0,1,实验模式：single_agent 已执行单智能体一体化处置，跳过评审
R20260413001939,2026-04-13T00:19:39,S048,single_none_full,none,none,single,single_agent,single_agent,unknown,1.0,0,0,0,0,gemma-3-27b-it,13077,0,0,0,1,0.8,0.9,0.8,0.7,0.9,0.8,llm,1,1,0.5,xopdeepseekv32,0.9,0.85,0.95,0.9,方案步骤清晰、完整且具备可操作性，明确各部门职责与处置流程。措施全面考虑了现场救治、交通管控、秩序疏导、清障和事后处理，有效控制风险并防止踩踏。严格遵循了相关法律法规和应急预案的要求。,,0.8,0.0,0,0,1,0,1,实验模式：single_agent 已执行单智能体一体化处置，跳过评审
R20260413001939,2026-04-13T00:19:39,S049,single_none_full,none,none,single,single_agent,single_agent,unknown,1.0,0,0,0,0,gemma-3-27b-it,14310,0,0,0,1,0.8,0.9,0.8,0.7,0.91,0.8,llm,1,1,0.5,xopdeepseekv32,0.95,0.92,0.98,0.91,方案步骤清晰完整，可执行性强；针对性控制夜间照明、现场警戒等风险；完全符合相关法律法规和应急预案。,,0.8,0.0,0,0,0,0,1,实验模式：single_agent 已执行单智能体一体化处置，跳过评审
R20260413001939,2026-04-13T00:19:39,S050,single_none_full,none,none,single,single_agent,single_agent,unknown,1.0,0,0,0,0,gemma-3-27b-it,12711,0,0,0,1,0.8,0.9,0.9,0.8,0.9,0.85,llm,1,1,0.5,xopdeepseekv32,0.9,0.9,0.9,0.9,方案步骤清晰、完整、可操作，未发现口号式内容。充分考虑了清除障碍、交通管制、安全评估和风险控制。明确引用相关法律法规，符合应急处理原则。,,0.9,0.0,0,0,0,0,2,实验模式：single_agent 已执行单智能体一体化处置，跳过评审
R20260413001939,2026-04-13T00:19:39,S051,single_none_full,none,none,single,single_agent,single_agent,unknown,1.0,0,0,0,0,gemma-3-27b-it,17876,0,0,0,1,0.8,0.9,0.7,0.8,0.9,0.8,llm,1,1,0.5,xopdeepseekv32,0.9,0.85,0.95,0.9,方案步骤具体完整，职责明确，可执行性强。方案充分考虑了现场救援、风险管控与次生风险防范。方案紧密依据了所列法律法规和应急预案，符合规范要求。,,0.7,0.0,0,0,0,0,2,实验模式：single_agent 已执行单智能体一体化处置，跳过评审
R20260413001939,2026-04-13T00:19:39,S052,single_none_full,none,none,single,single_agent,single_agent,unknown,1.0,0,0,0,0,gemma-3-27b-it,15545,0,0,0,1,0.8,0.9,0.8,0.7,0.93,0.8,llm,1,1,0.5,xopdeepseekv32,0.9,0.9,1.0,0.93,方案步骤完整、具体、可执行，覆盖了应急响应、现场处置、疏散和善后全过程。措施能有效控制氨泄漏和人员中毒风险，并考虑了后续环境清理。步骤与相关法律法规和应急预案高度一致。,,0.8,0.0,0,0,1,0,1,实验模式：single_agent 已执行单智能体一体化处置，跳过评审
R20260413001939,2026-04-13T00:19:39,S053,single_none_full,none,none,single,single_agent,single_agent,unknown,1.0,0,0,0,0,gemma-3-27b-it,13632,0,0,0,1,0.9,0.9,1.0,0.8,0.9,0.9,llm,1,1,0.5,xopdeepseekv32,0.9,0.85,0.95,0.9,策略步骤清晰具体，符合交通应急处理流程。现场处置、救援、取证、疏导、处罚与约谈等环节完整。轻微伤者现场或引导至医院处置妥当。对货车占道风险控制充分，未引入新风险。完全遵守相关法律法规和应急预案。,,1.0,0.0,0,0,0,0,2,实验模式：single_agent 已执行单智能体一体化处置，跳过评审
R20260413001939,2026-04-13T00:19:39,S054,single_none_full,none,none,single,single_agent,single_agent,unknown,1.0,0,0,0,0,gemma-3-27b-it,15548,0,0,0,1,0.85,0.9,0.8,0.7,0.87,0.82,llm,1,1,0.5,xopdeepseekv32,0.85,0.8,0.95,0.87,方案步骤清晰完整，职责分明，联动有序，未出现口号。充分考虑了水流、桥体稳定和人员被困风险，卸载货车与搜救准备等措施体现了安全控制。预案启动、交通管制等均符合相关法律法规和专项应急预案要求。,,0.8,0.0,0,0,0,0,1,实验模式：single_agent 已执行单智能体一体化处置，跳过评审
R20260413001939,2026-04-13T00:19:39,S055,single_none_full,none,none,single,single_agent,single_agent,unknown,1.0,0,0,0,0,gemma-3-27b-it,15438,0,0,0,1,0.8,0.9,0.8,0.7,0.97,0.8,llm,1,1,0.5,xopdeepseekv32,0.95,0.95,1.0,0.97,方案步骤完整，覆盖现场管控、伤员救助、交通疏解、后续调查与评估，可操作性强。针对重伤、轻伤及航班影响均有明确措施，注重风险防控。方案符合列出的法律法规及应急预案要求。,,0.8,0.0,0,0,1,0,1,实验模式：single_agent 已执行单智能体一体化处置，跳过评审
R20260413001939,2026-04-13T00:19:39,S056,single_none_full,none,none,single,single_agent,single_agent,unknown,1.0,0,0,0,0,gemma-3-27b-it,14891,0,0,0,1,0.7,0.8,0.6,0.5,0.95,0.65,llm,1,1,0.5,xopdeepseekv32,0.95,0.9,1.0,0.95,方案步骤清晰、完整，职责明确，覆盖报警、救援、交通管制、风险管控及事后处理全流程，可执行性强。充分考虑了基坑坍塌风险控制与救援安全。完全符合相关法律法规和应急预案要求。,,0.6,0.0,0,0,1,0,1,实验模式：single_agent 已执行单智能体一体化处置，跳过评审
R20260413001939,2026-04-13T00:19:39,S057,single_none_full,none,none,single,single_agent,single_agent,unknown,1.0,0,0,0,0,gemma-3-27b-it,14250,0,0,0,1,0.9,0.95,0.9,0.8,0.91,0.9,llm,1,1,0.5,xopdeepseekv32,0.9,0.9,0.95,0.91,方案步骤清晰完整，可执行性强，各处置单位职责明确。方案充分考虑了人员救援、车辆固定、牧群管控和二次事故预防。引用了相关法律法规和专项预案，符合要求。,,0.9,0.0,0,0,0,0,2,实验模式：single_agent 已执行单智能体一体化处置，跳过评审
R20260413001939,2026-04-13T00:19:39,S058,single_none_full,none,none,single,single_agent,single_agent,unknown,1.0,0,0,0,0,gemma-3-27b-it,12296,0,0,0,1,0.8,0.9,0.7,0.6,0.87,0.75,llm,1,1,0.5,xopdeepseekv32,0.9,0.8,0.9,0.87,方案步骤清晰完整，可执行性强。充分考虑了电池起火、触电、结构安全及有害物质等多重风险，并明确相关处置单位。各项措施均符合所列法律法规及应急预案。,,0.7,0.0,0,0,1,0,1,实验模式：single_agent 已执行单智能体一体化处置，跳过评审
R20260413001939,2026-04-13T00:19:39,S059,single_none_full,none,none,single,single_agent,single_agent,unknown,1.0,0,0,0,0,gemma-3-27b-it,15888,0,0,0,1,0.8,0.9,0.7,0.6,0.9,0.75,llm,1,1,0.5,xopdeepseekv32,0.9,0.9,0.9,0.9,方案步骤清晰完整，可操作性强。充分考虑了人员救援、车辆固定、水位监测等安全风险，并符合应急预案和相关法律法规的要求。,,0.7,0.0,0,0,1,0,1,实验模式：single_agent 已执行单智能体一体化处置，跳过评审
R20260413001939,2026-04-13T00:19:39,S060,single_none_full,none,none,single,single_agent,single_agent,unknown,1.0,0,0,0,0,gemma-3-27b-it,15240,0,0,0,1,0.8,0.9,0.8,0.7,0.9,0.8,llm,1,1,0.5,xopdeepseekv32,1.0,0.9,1.0,0.9,方案步骤清晰完整、责任主体明确，可执行性强。充分考虑了灭火、疏散、防爆等关键风险控制点，且符合多项法律法规和应急预案要求。唯一轻微不足是未明确冷却降温的具体技术操作细节。,,0.8,0.0,0,0,0,0,2,实验模式：single_agent 已执行单智能体一体化处置，跳过评审
R20260413001939,2026-04-13T00:19:39,S061,single_none_full,none,none,single,single_agent,single_agent,unknown,1.0,0,0,0,0,gemma-3-27b-it,13782,0,0,0,1,0.8,0.9,0.7,0.8,0.92,0.8,llm,1,1,0.5,xopdeepseekv32,0.9,0.85,1.0,0.92,方案步骤清晰完整，职责明确可执行，全面响应事故处理与恢复流程。充分关注伤员救治与现场安全，并符合所列法律法规和预案要求。整体策略周全。,,0.7,0.0,0,0,1,0,2,实验模式：single_agent 已执行单智能体一体化处置，跳过评审
R20260413001939,2026-04-13T00:19:39,S062,single_none_full,none,none,single,single_agent,single_agent,unknown,1.0,0,0,0,0,gemma-3-27b-it,13919,0,0,0,1,0.8,0.9,0.8,0.7,0.93,0.8,llm,1,1,0.5,xopdeepseekv32,0.95,0.9,0.95,0.93,方案步骤清晰完整，覆盖交通管制、灭火、防火、清理及恢复全过程，可执行性强。充分考虑了车辆火灾与森林防火双重风险。流程符合相关法律法规与应急预案要求。,,0.8,0.0,0,0,0,0,2,实验模式：single_agent 已执行单智能体一体化处置，跳过评审
R20260413001939,2026-04-13T00:19:39,S063,single_none_full,none,none,single,single_agent,single_agent,unknown,1.0,0,0,0,0,gemma-3-27b-it,12560,0,0,0,1,0.8,0.9,0.8,0.7,0.9,0.8,llm,1,1,0.5,xopdeepseekv32,0.9,0.9,0.9,0.9,方案步骤清晰、可操作性强，涵盖事故处置、人员疏散、交通疏导及后期评估。措施能有效控制风险，保障现场安全。方案步骤符合相关法律法规和应急管理流程。,,0.8,0.0,0,0,1,0,2,实验模式：single_agent 已执行单智能体一体化处置，跳过评审
R20260413001939,2026-04-13T00:19:39,S064,single_none_full,none,none,single,single_agent,single_agent,unknown,1.0,0,0,0,0,gemma-3-27b-it,14583,0,0,0,1,0.85,0.9,0.8,0.7,0.93,0.82,llm,1,1,0.5,xopdeepseekv32,0.9,0.9,1.0,0.93,策略步骤清晰完整，具备高度可执行性；充分控制了火灾、结构受损等风险并考虑了人员保障，安全性强；步骤与引用法规完全匹配，合规性高。,,0.8,0.0,0,0,0,0,1,实验模式：single_agent 已执行单智能体一体化处置，跳过评审
R20260413001939,2026-04-13T00:19:39,S065,single_none_full,none,none,single,single_agent,single_agent,unknown,1.0,0,0,0,0,gemma-3-27b-it,14240,0,0,0,1,0.9,0.95,0.9,0.7,0.93,0.88,llm,1,1,0.5,xopdeepseekv32,0.95,0.95,1.0,0.93,方案步骤清晰完整，职责分工明确，优先断电和疏散人员保障安全，符合法律法规和应急预案要求，可执行性强。,,0.9,0.0,0,0,0,0,1,实验模式：single_agent 已执行单智能体一体化处置，跳过评审
R20260413001939,2026-04-13T00:19:39,S066,single_none_full,none,none,single,single_agent,single_agent,unknown,1.0,0,0,0,0,gemma-3-27b-it,14233,0,0,0,1,0.9,0.95,0.9,0.8,0.9,0.88,llm,1,1,0.5,xopdeepseekv32,0.9,0.85,0.95,0.9,方案步骤清晰完整，职责明确，无口号式内容。充分考虑了现场救援、交通管制、设备修复、海关监管和事故调查等环节，整体可执行性强。方案遵循了相关法律法规和应急预案要求，安全性高。,,0.9,0.0,0,0,0,0,2,实验模式：single_agent 已执行单智能体一体化处置，跳过评审
R20260413001939,2026-04-13T00:19:39,S067,single_none_full,none,none,single,single_agent,single_agent,unknown,1.0,0,0,0,0,gemma-3-27b-it,15030,0,0,0,1,0.8,0.9,0.7,0.8,0.9,0.8,llm,1,1,0.5,xopdeepseekv32,0.9,0.85,0.95,0.9,方案步骤清晰完整，无口号，可执行性强。安全措施针对现场控制和系统整改，有效。法律依据充分，符合应急处理预案要求。,,0.7,0.0,0,0,1,0,2,实验模式：single_agent 已执行单智能体一体化处置，跳过评审
R20260413001939,2026-04-13T00:19:39,S068,single_none_full,none,none,single,single_agent,single_agent,unknown,1.0,0,0,0,0,gemma-3-27b-it,15305,0,0,0,1,0.8,0.9,0.7,0.6,0.92,0.75,llm,1,1,0.5,xopdeepseekv32,0.9,0.85,1.0,0.92,方案步骤清晰、完整、可操作性强，覆盖了从紧急响应到事后处理的全流程。充分考虑了现场安全控制和救援优先，符合相关法律法规要求。个别步骤描述稍显宽泛（如“提升应急处置能力”），但整体专业、完备。,,0.7,0.0,0,0,1,0,1,实验模式：single_agent 已执行单智能体一体化处置，跳过评审
R20260413001939,2026-04-13T00:19:39,S069,single_none_full,none,none,single,single_agent,single_agent,unknown,1.0,0,0,0,0,gemma-3-27b-it,14971,0,0,0,1,0.8,0.9,0.8,0.7,0.9,0.8,llm,1,1,0.5,xopdeepseekv32,0.9,0.85,0.95,0.9,方案步骤清晰具体，多部门联动职责明确，可执行性强。充分考虑了人员救助、秩序维护和次生风险防范。完全符合相关法律法规和应急预案要求。,,0.8,0.0,0,0,0,0,1,实验模式：single_agent 已执行单智能体一体化处置，跳过评审
R20260413001939,2026-04-13T00:19:39,S070,single_none_full,none,none,single,single_agent,single_agent,unknown,1.0,0,0,0,0,gemma-3-27b-it,14672,0,0,0,1,0.7,0.8,0.6,0.5,0.85,0.65,llm,1,1,0.5,xopdeepseekv32,0.85,0.8,0.95,0.85,策略步骤清晰完整，可执行性强，符合I级应急响应要求。对现场警戒、救援、交通疏导等风险控制措施明确，但救援阶段“组织对河道进行疏浚”操作复杂，在“水流速快”条件下可能产生新风险且可行性待商榷。内容与所列法律法规及应急预案高度符合。,,0.6,0.0,0,0,1,0,1,实验模式：single_agent 已执行单智能体一体化处置，跳过评审
R20260413001939,2026-04-13T00:19:39,S071,single_none_full,none,none,single,single_agent,single_agent,unknown,1.0,0,0,0,0,gemma-3-27b-it,16134,0,0,0,1,0.7,0.8,0.6,0.5,0.85,0.65,llm,1,1,0.5,xopdeepseekv32,0.85,0.8,0.95,0.85,方案步骤具体、完整、可执行，涵盖了启动、警戒、救援、环保、调查、清理、总结全流程。充分考虑了漏油、爆炸、伤员等安全风险并指派了专业单位。法律依据明确，符合应急预案要求。,,0.6,0.0,0,0,1,0,1,实验模式：single_agent 已执行单智能体一体化处置，跳过评审
R20260413001939,2026-04-13T00:19:39,S072,single_none_full,none,none,single,single_agent,single_agent,unknown,1.0,0,0,0,0,gemma-3-27b-it,13117,0,0,0,1,0.8,0.9,0.8,0.7,0.87,0.8,llm,1,1,0.5,xopdeepseekv32,0.85,0.8,0.95,0.87,方案步骤清晰、具体，职责明确，可执行性强。覆盖现场控制、安全排险、乘客安抚、运行恢复及事后调查等关键环节，符合应急法规。安全措施整体得当，但事故现场的航空器紧急撤离、医疗支援等风险应对细节略显不足。,,0.8,0.0,0,0,1,0,1,实验模式：single_agent 已执行单智能体一体化处置，跳过评审
R20260413001939,2026-04-13T00:19:39,S073,single_none_full,none,none,single,single_agent,single_agent,unknown,1.0,0,0,0,0,gemma-3-27b-it,12698,0,0,0,1,0.8,0.9,0.8,0.7,0.9,0.8,llm,1,1,0.5,xopdeepseekv32,0.9,0.85,0.95,0.9,方案步骤清晰完整，责任主体明确，可操作性强。关注了人员营救、电池风险控制和交通恢复等关键环节，符合相关法规和预案。电池火灾风险评估和防护措施具体可行，兼顾了处置安全。,,0.8,0.0,0,0,1,0,1,实验模式：single_agent 已执行单智能体一体化处置，跳过评审
R20260413001939,2026-04-13T00:19:39,S074,single_none_full,none,none,single,single_agent,single_agent,unknown,1.0,0,0,0,0,gemma-3-27b-it,13104,0,0,0,1,0.8,0.9,0.8,0.7,0.93,0.8,llm,1,1,0.5,xopdeepseekv32,0.95,0.95,0.9,0.93,方案步骤清晰完整，可执行性强，覆盖了现场控制、伤员救治、安全警戒、情绪疏导、调查处理和隐患排查等关键环节，符合应急流程与法规要求。,,0.8,0.0,0,0,0,0,1,实验模式：single_agent 已执行单智能体一体化处置，跳过评审
R20260413001939,2026-04-13T00:19:39,S075,single_none_full,none,none,single,single_agent,single_agent,unknown,1.0,0,0,0,0,gemma-3-27b-it,14132,0,0,0,1,0.8,0.7,0.6,0.7,0.9,0.7,llm,1,1,0.5,xopdeepseekv32,0.9,0.85,0.95,0.9,方案步骤完整且具体可操作，无口号。充分考虑了救援、安全隔离、交通疏导和农机保障，符合法规和预案要求。对夏收农时影响有所考虑，但具体补救措施稍显笼统。,,0.6,0.0,0,0,1,0,1,实验模式：single_agent 已执行单智能体一体化处置，跳过评审
R20260413001939,2026-04-13T00:19:39,S076,single_none_full,none,none,single,single_agent,single_agent,unknown,1.0,0,0,0,0,gemma-3-27b-it,14209,0,0,0,1,0.9,0.95,0.9,0.8,0.87,0.88,llm,1,1,0.5,xopdeepseekv32,0.85,0.8,0.95,0.87,方案步骤具体，分工明确，符合法规要求。但对现场持续的“坠物风险”控制主要依赖事后检查，未明确立即采取的空中平台稳固或风险隔离等前置措施，存在安全改善空间。,,0.9,0.0,0,0,0,0,2,实验模式：single_agent 已执行单智能体一体化处置，跳过评审
R20260413001939,2026-04-13T00:19:39,S077,single_none_full,none,none,single,single_agent,single_agent,unknown,1.0,0,0,0,0,gemma-3-27b-it,14152,0,0,0,1,0.8,0.9,0.7,0.7,0.9,0.78,llm,1,1,0.5,xopdeepseekv32,0.9,0.85,0.95,0.9,方案步骤具体完整，职责清晰，可执行性强。涵盖伤员救助、现场安全控制、交通疏导与事故调查全流程。充分控制无人机残骸等风险。符合相关法律与应急预案。,,0.7,0.0,0,0,0,0,1,实验模式：single_agent 已执行单智能体一体化处置，跳过评审
R20260413001939,2026-04-13T00:19:39,S078,single_none_full,none,none,single,single_agent,single_agent,unknown,1.0,0,0,0,0,gemma-3-27b-it,15918,0,0,0,1,0.8,0.9,0.8,0.7,0.8,0.8,llm,1,1,0.5,xopdeepseekv32,0.8,0.7,0.9,0.8,方案步骤清晰、分工明确，可执行性较强。控制了现场风险和秩序，但对违规占道处理的衔接、现场情绪安抚的具体协同措施阐述稍显不足。,,0.8,0.0,0,0,0,0,1,实验模式：single_agent 已执行单智能体一体化处置，跳过评审
R20260413001939,2026-04-13T00:19:39,S079,single_none_full,none,none,single,single_agent,single_agent,unknown,1.0,0,0,0,0,gemma-3-27b-it,14498,0,0,0,1,0.8,0.9,0.7,0.8,0.9,0.8,llm,1,1,0.5,xopdeepseekv32,0.9,0.85,0.95,0.9,方案步骤清晰完整，职责明确，可操作性强。从交通管制、事故处理到隐患清理和后续管理，覆盖了事故处置关键环节，符合相关法规和应急预案要求。,,0.7,0.0,0,0,1,0,2,实验模式：single_agent 已执行单智能体一体化处置，跳过评审
R20260413001939,2026-04-13T00:19:39,S080,single_none_full,none,none,single,single_agent,single_agent,unknown,1.0,0,0,0,0,gemma-3-27b-it,17416,0,0,0,1,0.7,0.8,0.6,0.7,0.9,0.7,llm,1,1,0.5,xopdeepseekv32,0.9,0.85,0.95,0.9,方案步骤清晰、职责明确、逻辑完整，具备较强的可执行性。对山体滑坡、二次事故、叶片处理等风险均有针对性措施，但叶片切割等高风险操作的具体安全规程可更明确。方案各步骤均与相关法律法规及应急管理流程相符。,,0.6,1.0,0,1,2,0,1,实验模式：single_agent 已执行单智能体一体化处置，跳过评审
R20260413001939,2026-04-13T00:19:39,S081,single_none_full,none,none,single,single_agent,single_agent,unknown,1.0,0,0,0,0,gemma-3-27b-it,15257,0,0,0,1,0.7,0.8,0.6,0.7,0.85,0.7,llm,1,1,0.5,xopdeepseekv32,0.8,0.85,0.9,0.85,方案步骤具体、完整，且职责明确，可执行性强。方案覆盖伤员救援、现场管控和事故调查，充分考虑了猛兽区安全与交通疏导，控制风险较好。方案符合相关法律法规和预案要求。,,0.6,0.0,0,0,1,0,1,实验模式：single_agent 已执行单智能体一体化处置，跳过评审
R20260413001939,2026-04-13T00:19:39,S082,single_none_full,none,none,single,single_agent,single_agent,unknown,1.0,0,0,0,0,gemma-3-27b-it,16263,0,0,0,1,0.7,0.8,0.6,0.5,0.86,0.65,llm,1,1,0.5,xopdeepseekv32,0.8,0.9,0.9,0.86,方案步骤完整有序，可执行性强，涵盖了启动预案、现场处置到后期恢复的全过程。对落石、滑坡等持续风险有评估与持续监测，强调救援人员自身安全，安全考量充分。步骤与引用法规相符，符合交通应急处理要求。,,0.6,0.0,0,0,1,0,1,实验模式：single_agent 已执行单智能体一体化处置，跳过评审
R20260413001939,2026-04-13T00:19:39,S083,single_none_full,none,none,single,single_agent,single_agent,unknown,1.0,0,0,0,0,gemma-3-27b-it,16471,0,0,0,1,0.7,0.8,0.6,0.6,0.9,0.68,llm,1,1,0.5,xopdeepseekv32,0.9,0.8,1.0,0.9,方案步骤清晰完整，覆盖救援、交通管制、环境处理与事故调查全流程，可执行性强。对人员救援和污染控制明确，符合法规预案。建议更具体说明对坡道安全风险的即时控制措施。,,0.6,0.0,0,0,1,0,1,实验模式：single_agent 已执行单智能体一体化处置，跳过评审
R20260413001939,2026-04-13T00:19:39,S084,single_none_full,none,none,single,single_agent,single_agent,unknown,1.0,0,0,0,0,gemma-3-27b-it,15728,0,0,0,1,0.7,0.8,0.6,0.7,0.87,0.7,llm,1,1,0.5,xopdeepseekv32,0.9,0.8,0.9,0.87,方案步骤清晰、完整且具可操作性，覆盖现场处置、调查、整改全流程，符合法律法规与应急预案。但在防止二次事故环节，对现场复杂风险评估与控制细节可进一步加强。,,0.6,0.0,0,0,1,0,1,实验模式：single_agent 已执行单智能体一体化处置，跳过评审
R20260413001939,2026-04-13T00:19:39,S085,single_none_full,none,none,single,single_agent,single_agent,unknown,1.0,0,0,0,0,gemma-3-27b-it,14021,0,0,0,1,0.8,0.9,0.8,0.7,0.9,0.8,llm,1,1,0.5,xopdeepseekv32,0.9,0.85,0.95,0.9,方案步骤具体，职责明确，可执行性强。充分考虑了现场管控、人员救援和次生风险预防。步骤和法规依据清晰，符合相关应急预案要求。救援报告和路面修复等善后环节完整。,,0.8,0.0,0,0,0,0,1,实验模式：single_agent 已执行单智能体一体化处置，跳过评审
R20260413001939,2026-04-13T00:19:39,S086,single_none_full,none,none,single,single_agent,single_agent,unknown,1.0,0,0,0,0,gemma-3-27b-it,16044,0,0,0,1,0.8,0.9,0.85,0.7,0.91,0.81,llm,1,1,0.5,xopdeepseekv32,0.95,0.85,1.0,0.91,方案步骤具体、完整，职责明确，可操作性强。充分考虑了人群踩踏、结构安全、应急车道等多重风险并采取措施，风险控制较全面。方案紧密依据所列法律法规和预案，合规性极高。,,0.85,0.0,0,0,0,0,1,实验模式：single_agent 已执行单智能体一体化处置，跳过评审
R20260413001939,2026-04-13T00:19:39,S087,single_none_full,none,none,single,single_agent,single_agent,unknown,1.0,0,0,0,0,gemma-3-27b-it,16957,0,0,0,1,0.6,0.7,0.5,0.4,0.87,0.55,llm,1,1,0.5,xopdeepseekv32,0.9,0.8,0.9,0.87,方案步骤清晰完整，可操作性强，符合法规预案。充分考虑了现场安全警戒、次生灾害防控及多方联动。救援过程对现场持续风险（落石）的控制和救援人员自身安全的强调可更具体和前置。,,0.5,0.0,0,0,1,0,0,实验模式：single_agent 已执行单智能体一体化处置，跳过评审
R20260413001939,2026-04-13T00:19:39,S088,single_none_full,none,none,single,single_agent,single_agent,unknown,1.0,0,0,0,0,gemma-3-27b-it,15122,0,0,0,1,0.8,0.9,0.8,0.7,0.9,0.8,llm,1,1,0.5,xopdeepseekv32,0.9,0.8,1.0,0.9,方案步骤完整、具体、可执行性强，针对事件关键环节（管制、救援、车辆处理）均有明确措施。但涉水引导车辆与转移人员步骤在水深60厘米且潮水猛涨条件下存在安全风险，建议明确优先确保人员安全，避免涉水操作。方案符合相关法律法规与预案框架。,,0.8,0.0,0,0,0,0,1,实验模式：single_agent 已执行单智能体一体化处置，跳过评审
R20260413001939,2026-04-13T00:19:39,S089,single_none_full,none,none,single,single_agent,single_agent,unknown,1.0,0,0,0,0,gemma-3-27b-it,13434,0,0,0,1,0.7,0.8,0.6,0.5,0.85,0.65,llm,1,1,0.5,xopdeepseekv32,0.85,0.8,0.9,0.85,方案步骤清晰完整，分工明确，可执行性强，覆盖了从现场处置到事后恢复的全过程。安全控制措施全面，如封锁、禁飞、检查。引用的法规和预案依据充分，符合相关规定。,,0.6,0.0,0,0,1,0,1,实验模式：single_agent 已执行单智能体一体化处置，跳过评审
R20260413001939,2026-04-13T00:19:39,S090,single_none_full,none,none,single,single_agent,single_agent,unknown,1.0,0,0,0,0,gemma-3-27b-it,11409,0,0,0,1,0.6,0.7,0.5,0.7,0.92,0.625,llm,1,1,0.5,xopdeepseekv32,0.9,0.85,1.0,0.92,策略步骤具体可操作，覆盖处置全过程。充分考虑了安全和秩序恢复，但轻微事故情况下，积压车辆分流的具体措施可进一步明确。严格遵循相关法规和预案。,,0.5,0.0,0,0,0,0,1,实验模式：single_agent 已执行单智能体一体化处置，跳过评审
R20260413001939,2026-04-13T00:19:39,S091,single_none_full,none,none,single,single_agent,single_agent,unknown,1.0,0,0,0,0,gemma-3-27b-it,13424,0,0,0,1,0.9,0.9,0.8,0.7,0.92,0.85,llm,1,1,0.5,xopdeepseekv32,0.95,0.9,1.0,0.92,方案步骤清晰具体，可操作性强。有效控制了现场风险，并符合法律法规。整体逻辑完整，处置流程规范。,,0.8,0.0,0,0,0,0,1,实验模式：single_agent 已执行单智能体一体化处置，跳过评审
R20260413001939,2026-04-13T00:19:39,S092,single_none_full,none,none,single,single_agent,single_agent,unknown,1.0,0,0,0,0,gemma-3-27b-it,12007,0,0,0,1,0.9,1.0,1.0,0.8,0.93,0.9,llm,1,1,0.5,xopdeepseekv32,0.9,0.9,1.0,0.93,方案步骤清晰完整，覆盖交通管制、清理、善后与记录，可执行性强。通过管制、警示与检查充分控制风险，遵守相关法律法规，符合应急处理流程。,,1.0,0.0,0,0,0,0,2,实验模式：single_agent 已执行单智能体一体化处置，跳过评审
R20260413001939,2026-04-13T00:19:39,S093,single_none_full,none,none,single,single_agent,single_agent,unknown,1.0,0,0,0,0,gemma-3-27b-it,12179,0,0,0,1,0.6,0.7,0.5,0.6,0.9,0.6,llm,1,1,0.5,xopdeepseekv32,0.9,0.85,0.95,0.9,方案步骤具体完整，可操作性强。安全措施充分，但未明确处理围观人群。符合法律法规及应急预案要求，处置流程规范。,,0.5,0.0,0,0,1,0,1,实验模式：single_agent 已执行单智能体一体化处置，跳过评审
R20260413001939,2026-04-13T00:19:39,S094,single_none_full,none,none,single,single_agent,single_agent,unknown,1.0,0,0,0,0,gemma-3-27b-it,13581,0,0,0,1,0.9,1.0,1.0,0.8,0.9,0.9,llm,1,1,0.5,xopdeepseekv32,0.9,0.85,0.95,0.9,方案步骤清晰、可操作，涵盖事故处置、交通疏导、责任认定及事后复盘全过程，符合应急流程。明确提及法规依据，整体合规性强。安全控制措施（警示、移至路肩）到位，但冲突现场的安全风险控制细节可再具体化。,,1.0,0.0,0,0,0,0,2,实验模式：single_agent 已执行单智能体一体化处置，跳过评审
R20260413001939,2026-04-13T00:19:39,S095,single_none_full,none,none,single,single_agent,single_agent,unknown,1.0,0,0,0,0,gemma-3-27b-it,15538,0,0,0,1,0.6,0.8,0.7,0.7,0.92,0.7,llm,1,1,0.5,xopdeepseekv32,0.95,0.85,0.95,0.92,方案步骤清晰完整，可操作性强，与法律法规和预案高度契合。风险控制充分，但对突发车辆动态的二次风险预防措施可更具体。,,0.7,0.0,0,0,1,0,1,实验模式：single_agent 已执行单智能体一体化处置，跳过评审
R20260413001939,2026-04-13T00:19:39,S096,single_none_full,none,none,single,single_agent,single_agent,unknown,1.0,0,0,0,0,gemma-3-27b-it,15100,0,0,0,1,0.8,0.9,0.9,0.7,1.0,0.85,llm,1,1,0.5,xopdeepseekv32,1.0,1.0,1.0,1.0,方案步骤清晰完整，涵盖现场确认、警戒、救援、清理、恢复、记录评估全流程，风险管控周全，引用法规准确，符合应急规范。,,0.9,0.0,0,0,0,0,1,实验模式：single_agent 已执行单智能体一体化处置，跳过评审
R20260413001939,2026-04-13T00:19:39,S097,single_none_full,none,none,single,single_agent,single_agent,unknown,1.0,0,0,0,0,gemma-3-27b-it,15057,0,0,0,1,0.6,0.8,0.7,0.7,0.9,0.7,llm,1,1,0.5,xopdeepseekv32,0.9,0.9,0.9,0.9,方案步骤具体、完整，注重风险控制与通道畅通，符合相关法规和预案要求，联动处置机制明确，可执行性强。,,0.7,0.0,0,0,0,0,1,实验模式：single_agent 已执行单智能体一体化处置，跳过评审
R20260413001939,2026-04-13T00:19:39,S098,single_none_full,none,none,single,single_agent,single_agent,unknown,1.0,0,0,0,0,gemma-3-27b-it,13351,0,0,0,1,0.7,0.8,0.6,0.7,0.9,0.7,llm,1,1,0.5,xopdeepseekv32,0.9,0.85,0.95,0.9,步骤清晰完整，可操作性强，有效控制现场风险并疏导交通，符合交通法规与应急预案要求。轻微不足在于对后方公交排队影响的具体缓解措施可更具体。,,0.6,0.0,0,0,2,0,1,实验模式：single_agent 已执行单智能体一体化处置，跳过评审
R20260413001939,2026-04-13T00:19:39,S099,single_none_full,none,none,single,single_agent,single_agent,unknown,1.0,0,0,0,0,gemma-3-27b-it,13073,0,0,0,1,0.9,0.9,0.8,0.7,0.83,0.85,llm,1,1,0.5,xopdeepseekv32,0.8,0.8,0.9,0.83,方案步骤具体完整，操作性强。流程覆盖现场处置、警示、取证、追查、处罚及总结等环节，兼顾了安全与事后管理。符合交通应急法规与预案要求。,,0.8,0.0,0,0,0,0,1,实验模式：single_agent 已执行单智能体一体化处置，跳过评审
R20260413001939,2026-04-13T00:19:39,S100,single_none_full,none,none,single,single_agent,single_agent,unknown,1.0,0,0,0,0,gemma-3-27b-it,14313,0,0,0,1,0.8,0.9,0.9,0.7,0.93,0.85,llm,1,1,0.5,xopdeepseekv32,0.9,0.9,1.0,0.93,策略步骤清晰、具体、可执行，对现场处置、安全防护、交通疏导均有完整规划。方案充分考虑了隧道内事故风险，措施有效控制风险且未引入新风险。严格遵循了道路交通安全法等法规预案。,,0.9,0.0,0,0,0,0,1,实验模式：single_agent 已执行单智能体一体化处置，跳过评审
R20260413001939,2026-04-13T00:19:39,S101,single_none_full,none,none,single,single_agent,single_agent,unknown,1.0,0,0,0,0,gemma-3-27b-it,13517,0,0,0,1,0.3,0.6,0.2,0.7,0.9,0.4,llm,1,1,0.5,xopdeepseekv32,0.9,0.9,0.9,0.9,策略步骤完整、职责清晰、符合法律法规，覆盖了现场处置、调查、清理和事后评估全流程，能有效控制风险并恢复交通。,,0.2,0.0,0,0,2,0,1,实验模式：single_agent 已执行单智能体一体化处置，跳过评审
R20260413001939,2026-04-13T00:19:39,S102,single_none_full,none,none,single,single_agent,single_agent,unknown,1.0,0,0,0,0,gemma-3-27b-it,12349,0,0,0,1,0.8,0.9,0.7,0.6,0.83,0.75,llm,1,1,0.5,xopdeepseekv32,0.8,0.8,0.9,0.83,方案步骤清晰、职责明确，联动顺畅，具备较强可执行性。考虑了事故风险控制，但未提及恶劣天气（阵风）下的新增防范措施。充分引用了相关法律法规，符合应急流程。,,0.7,0.0,0,0,1,0,1,实验模式：single_agent 已执行单智能体一体化处置，跳过评审
R20260413001939,2026-04-13T00:19:39,S103,single_none_full,none,none,single,single_agent,single_agent,unknown,1.0,0,0,0,0,gemma-3-27b-it,14119,0,0,0,1,0.9,0.95,1.0,0.8,0.92,0.9,llm,1,1,0.5,xopdeepseekv32,0.95,0.93,1.0,0.92,方案步骤清晰完整，可操作性强；重点考虑了人员安全与二次事故风险控制；完全符合交通法规和应急预案的要求。,,1.0,0.0,0,0,0,0,2,实验模式：single_agent 已执行单智能体一体化处置，跳过评审
R20260413001939,2026-04-13T00:19:39,S104,single_none_full,none,none,single,single_agent,single_agent,unknown,1.0,0,0,0,0,gemma-3-27b-it,15053,0,0,0,1,0.6,0.7,0.5,0.6,0.87,0.6,llm,1,1,0.5,xopdeepseekv32,0.9,0.8,0.9,0.87,方案步骤清晰完整，可操作性强，符合交通应急处理程序。充分考虑了伤情、秩序维护和证据固定。对“碰瓷”等风险因素未特别明确处置预案，可进一步加强。,,0.5,0.0,0,0,2,0,1,实验模式：single_agent 已执行单智能体一体化处置，跳过评审
R20260413001939,2026-04-13T00:19:39,S105,single_none_full,none,none,single,single_agent,single_agent,unknown,1.0,0,0,0,0,gemma-3-27b-it,14828,0,0,0,1,0.6,0.7,0.5,0.8,0.8,0.65,llm,1,1,0.5,xopdeepseekv32,0.8,0.7,0.9,0.8,处置步骤清晰完整，可执行性强，且引用了相关法规，合规性高。但在风险控制方面，缺乏针对后方车辆因避让可能引发的二次事故的具体预警措施。,,0.5,0.0,0,0,2,0,2,实验模式：single_agent 已执行单智能体一体化处置，跳过评审
R20260413001939,2026-04-13T00:19:39,S106,single_none_full,none,none,single,single_agent,single_agent,unknown,1.0,0,0,0,0,gemma-3-27b-it,13234,0,0,0,1,0.8,0.9,0.7,0.6,0.9,0.75,llm,1,1,0.5,xopdeepseekv32,0.9,0.85,0.95,0.9,方案步骤清晰、完整、可操作，考虑了不同情况下的处置方法。注重现场安全控制和风险防范。符合相关法律法规和应急预案要求。,,0.7,0.0,0,0,0,0,1,实验模式：single_agent 已执行单智能体一体化处置，跳过评审
R20260413001939,2026-04-13T00:19:39,S107,single_none_full,none,none,single,single_agent,single_agent,unknown,1.0,0,0,0,0,gemma-3-27b-it,14559,0,0,0,1,0.2,0.4,0.1,0.3,0.9,0.25,llm,1,1,0.5,xopdeepseekv32,0.9,0.8,1.0,0.9,方案步骤清晰完整，覆盖现场处置、交通控制、车辆处理、事后总结全流程，可执行性强。重点考虑了交通安全和树木检查，安全性好。流程严格遵循了相关法律和应急预案要求。,,0.1,1.0,0,1,3,0,1,实验模式：single_agent 已执行单智能体一体化处置，跳过评审
R20260413001939,2026-04-13T00:19:39,S108,single_none_full,none,none,single,single_agent,single_agent,unknown,1.0,0,0,0,0,gemma-3-27b-it,13857,0,0,0,1,0.3,0.5,0.2,0.6,0.95,0.4,llm,1,1,0.5,xopdeepseekv32,0.95,0.95,0.95,0.95,方案步骤具体、完整，职责明确，联动顺畅。安全措施全面，覆盖现场防护、交通管制和持续巡查，有效管控夜间坑洼路面风险。各步骤均符合相关法律法规与应急预案要求。,,0.2,0.0,0,0,2,0,1,实验模式：single_agent 已执行单智能体一体化处置，跳过评审
R20260413001939,2026-04-13T00:19:39,S109,single_none_full,none,none,single,single_agent,single_agent,unknown,1.0,0,0,0,0,gemma-3-27b-it,10828,0,0,0,1,0.8,0.9,0.7,0.6,0.93,0.75,llm,1,1,0.5,xopdeepseekv32,0.9,0.9,1.0,0.93,方案步骤清晰完整、可操作性强，充分考虑了现场安全、伤员处理、现场清理、事故调查和事后总结。流程符合交通安全法规及应急预案要求，无明显新风险。,,0.7,0.0,0,0,0,0,1,实验模式：single_agent 已执行单智能体一体化处置，跳过评审
