source,source_temp_id,source_final_id,source_final_name,source_query_event_ids,relation,target,target_temp_id,target_final_id,target_final_name,target_query_event_ids,case_id,case_title,source_type,target_type,confidence,evidence,source_file,review_status
疏散,TMP_ACTI_93C243BDE0,MEA_CASE_1BCFC5476A,疏散,,IMPLEMENTED_BY,120,TMP_DEPA_2AE9F364E0,ORG_CASE_F3733BF715,120,,001_案例1_城市BRT公交站台电动车闯入撞人事故_31bdc65a,案例1：城市BRT公交站台电动车闯入撞人事故,Action,Department,0.9000,BRT站台工作人员立即启动应急预案，疏散候车乘客，拨打120、122报警,交通应急处理案例4.txt,AUTO_HIGH
清理现场,TMP_ACTI_9EB3E0A71F,MEA_CASE_462CC5958C,清理现场,,IMPLEMENTED_BY,城管部门,TMP_DEPA_8F9BA1BDB7,ORG_CASE_095104B964,城管部门,,001_案例1_城市BRT公交站台电动车闯入撞人事故_31bdc65a,案例1：城市BRT公交站台电动车闯入撞人事故,Action,Department,0.9000,城管部门协助清理现场，修复受损护栏,交通应急处理案例4.txt,AUTO_HIGH
修复受损护栏,TMP_ACTI_440ADE73CD,MEA_CASE_841676482D,修复受损护栏,,IMPLEMENTED_BY,城管部门,TMP_DEPA_8F9BA1BDB7,ORG_CASE_095104B964,城管部门,,001_案例1_城市BRT公交站台电动车闯入撞人事故_31bdc65a,案例1：城市BRT公交站台电动车闯入撞人事故,Action,Department,0.9000,城管部门协助清理现场，修复受损护栏,交通应急处理案例4.txt,AUTO_HIGH
高速爆胎,TMP_EVEN_68D08D0DB2,EVT_CASE_627C2CA797,高速爆胎,EVT_CASE_627C2CA797,CAUSES,车辆侧翻,TMP_EVEN_6F2D09A73C,EVT_CASE_9CC62EF2EB,车辆侧翻,EVT_CASE_9CC62EF2EB|EVT_ROAD_INTERRUPTION|EVT_ROAD_EMERGENCY|EVT_PRODUCTION_ACCIDENT|EVT_ROAD_DAMAGE|EVT_TRAFFIC_ACCIDENT,002_案例2_冷链运输车高速爆胎侧翻冻品散落事故_b7d6d2bd,案例2：冷链运输车高速爆胎侧翻冻品散落事故,Event,Event,0.9800,因左后轮长期未更换高速爆胎，车辆失控侧翻,交通应急处理案例4.txt,AUTO_HIGH
疏导,TMP_ACTI_DA26CA44FD,MEA_CASE_B804A6CFD8,疏导,,IMPLEMENTED_BY,交警,TMP_DEPA_FF636925D7,ORG_CASE_DA3B807A38,交警,,002_案例2_冷链运输车高速爆胎侧翻冻品散落事故_b7d6d2bd,案例2：冷链运输车高速爆胎侧翻冻品散落事故,Action,Department,0.9500,交警封闭事故路段，开启高速预警提示，疏导车辆从就近出口分流,交通应急处理案例4.txt,AUTO_HIGH
清理,TMP_ACTI_52E8B79DBB,MEA_CASE_F2C178773D,清理,,IMPLEMENTED_BY,交通部门,TMP_DEPA_8987C6292D,ORG_CASE_B6CBD41599,交通部门,,002_案例2_冷链运输车高速爆胎侧翻冻品散落事故_b7d6d2bd,案例2：冷链运输车高速爆胎侧翻冻品散落事故,Action,Department,0.9500,交通部门调集吊车、清障车、冷链转运车，先将未破损冻品紧急转运，再清理散落包装箱和车辆残骸,交通应急处理案例4.txt,AUTO_HIGH
车辆侧翻,TMP_EVEN_6F2D09A73C,EVT_CASE_9CC62EF2EB,车辆侧翻,EVT_CASE_9CC62EF2EB|EVT_ROAD_INTERRUPTION|EVT_ROAD_EMERGENCY|EVT_PRODUCTION_ACCIDENT|EVT_ROAD_DAMAGE|EVT_TRAFFIC_ACCIDENT,TRIGGERS,疏导,TMP_ACTI_DA26CA44FD,MEA_CASE_B804A6CFD8,疏导,,002_案例2_冷链运输车高速爆胎侧翻冻品散落事故_b7d6d2bd,案例2：冷链运输车高速爆胎侧翻冻品散落事故,Event,Action,0.9000,交警封闭事故路段，开启高速预警提示，疏导车辆从就近出口分流,交通应急处理案例4.txt,AUTO_HIGH
车辆侧翻,TMP_EVEN_6F2D09A73C,EVT_CASE_9CC62EF2EB,车辆侧翻,EVT_CASE_9CC62EF2EB|EVT_ROAD_INTERRUPTION|EVT_ROAD_EMERGENCY|EVT_PRODUCTION_ACCIDENT|EVT_ROAD_DAMAGE|EVT_TRAFFIC_ACCIDENT,TRIGGERS,清理,TMP_ACTI_52E8B79DBB,MEA_CASE_F2C178773D,清理,,002_案例2_冷链运输车高速爆胎侧翻冻品散落事故_b7d6d2bd,案例2：冷链运输车高速爆胎侧翻冻品散落事故,Event,Action,0.9000,交通部门调集吊车、清障车、冷链转运车，先将未破损冻品紧急转运，再清理散落包装箱和车辆残骸,交通应急处理案例4.txt,AUTO_HIGH
闯红灯交通事故,TMP_EVEN_83FC2C9450,EVT_CASE_6B445BB3BF,闯红灯交通事故,EVT_CASE_6B445BB3BF|EVT_ROAD_INTERRUPTION|EVT_TRAFFIC_ACCIDENT,CAUSES,公路中断,TMP_EVEN_0FEA70635E,EVT_ROAD_INTERRUPTION,公路中断,EVT_ROAD_INTERRUPTION,003_案例3_城郊结合部渣土车闯红灯撞毁电动车事故_732687a5,案例3：城郊结合部渣土车闯红灯撞毁电动车事故,Event,Event,0.9000,路口双向交通完全中断，周边群众围观聚集，交通瘫痪近1公里,交通应急处理案例4.txt,AUTO_HIGH
沙尘暴,TMP_EVEN_D9E6AC6027,EVT_DUST_STORM,沙尘暴,EVT_DUST_STORM,CAUSES,多车剐蹭,TMP_EVEN_CF48C31C0C,EVT_CASE_6B0244EB44,多车剐蹭,EVT_CASE_6B0244EB44|EVT_ROAD_INTERRUPTION|EVT_VEHICLE_BACKLOG|EVT_TRAFFIC_ACCIDENT,004_案例4_沙漠公路风沙遮眼多车剐蹭事故_8187350c,案例4：沙漠公路风沙遮眼多车剐蹭事故,Event,Event,0.9000,西北某沙漠公路路段，突发强沙尘暴，瞬时风力达8级，风沙完全遮挡视线，能见度不足10米，3辆小型轿车、1辆皮卡因视线受阻、车速过快，接连发生剐蹭碰撞,交通应急处理案例4.txt,AUTO_HIGH
沙尘暴,TMP_EVEN_D9E6AC6027,EVT_DUST_STORM,沙尘暴,EVT_DUST_STORM,TRIGGERS,剐蹭碰撞,TMP_ACTI_6A77C2B59C,MEA_CASE_B843E25685,剐蹭碰撞,,004_案例4_沙漠公路风沙遮眼多车剐蹭事故_8187350c,案例4：沙漠公路风沙遮眼多车剐蹭事故,Event,Action,0.8000,3辆小型轿车、1辆皮卡因视线受阻、车速过快，接连发生剐蹭碰撞,交通应急处理案例4.txt,AUTO_MEDIUM
暴雨,TMP_EVEN_6F3DC8FF87,EVT_RAINSTORM,暴雨,EVT_RAINSTORM,CAUSES,积水,TMP_EVEN_D07C88B4ED,EVT_CASE_5CECC4C9FA,积水,EVT_CASE_5CECC4C9FA,005_案例5_城市下穿隧道积水车辆熄火被困事故_3fa003b7,案例5：城市下穿隧道积水车辆熄火被困事故,Event,Event,0.9500,因突降大暴雨，路面积水迅速上涨,交通应急处理案例4.txt,AUTO_HIGH
积水,TMP_EVEN_D07C88B4ED,EVT_CASE_5CECC4C9FA,积水,EVT_CASE_5CECC4C9FA,CAUSES,隧道积水车辆被困,TMP_EVEN_D023D64DAA,EVT_CASE_EA546C3294,隧道积水车辆被困,EVT_CASE_EA546C3294|EVT_METEO_ROAD|EVT_ROAD_EMERGENCY,005_案例5_城市下穿隧道积水车辆熄火被困事故_3fa003b7,案例5：城市下穿隧道积水车辆熄火被困事故,Event,Event,0.9000,路面积水迅速上涨至60厘米，2辆小型轿车、1辆SUV驶入积水区后依次熄火，车内共5人被困,交通应急处理案例4.txt,AUTO_HIGH
施工区域车辆碰撞行人,TMP_EVEN_1765EA65D5,EVT_CASE_021E7BDA96,施工区域车辆碰撞行人,EVT_CASE_021E7BDA96|EVT_CONSTRUCTION_ACCIDENT|EVT_CONSTRUCTION_SAFETY,TRIGGERS,驾驶员分心驾驶,TMP_ACTI_AE9CA39B4A,MEA_CASE_93B737DA07,驾驶员分心驾驶,,007_案例7_高速公路养护作业区车辆闯入撞伤工人事故_07cfeba7,案例7：高速公路养护作业区车辆闯入撞伤工人事故,Event,Action,0.6200,因驾驶员分心驾驶,交通应急处理案例4.txt,AUTO_MEDIUM
救援,TMP_ACTI_95A475C5D1,MEA_CASE_4DEF057716,救援,,IMPLEMENTED_BY,村委会,TMP_DEPA_80C19A7E4A,ORG_CASE_4A8D0AECA5,村委会,,008_案例8_乡村临水路段三轮车坠河乘客落水事故_762bb684,案例8：乡村临水路段三轮车坠河乘客落水事故,Action,Department,0.8500,当地村委会第一时间组织村民开展初期救援，投放救生圈、竹竿辅助自救，同时拨打119、120报警,交通应急处理案例4.txt,AUTO_HIGH
打捞,TMP_ACTI_2996B1CBCF,MEA_CASE_90733D6AFA,打捞,,IMPLEMENTED_BY,消防人员,TMP_DEPA_97ACC734CF,ORG_CASE_78A3399250,消防人员,,008_案例8_乡村临水路段三轮车坠河乘客落水事故_762bb684,案例8：乡村临水路段三轮车坠河乘客落水事故,Action,Department,0.8500,消防人员携带冲锋舟、救生衣赶赴现场，打捞落水人员，排查溺水隐患,交通应急处理案例4.txt,AUTO_HIGH
打捞,TMP_ACTI_2996B1CBCF,MEA_CASE_90733D6AFA,打捞,,IMPLEMENTED_BY,海事部门,TMP_DEPA_9264797DD8,ORG_CASE_3C2C056CF5,海事部门,,008_案例8_乡村临水路段三轮车坠河乘客落水事故_762bb684,案例8：乡村临水路段三轮车坠河乘客落水事故,Action,Department,0.8500,海事与路政部门协助打捞落水车辆，清理河道,交通应急处理案例4.txt,AUTO_HIGH
打捞,TMP_ACTI_2996B1CBCF,MEA_CASE_90733D6AFA,打捞,,IMPLEMENTED_BY,路政部门,TMP_DEPA_8F9356C8D1,ORG_CASE_12F41DBD86,路政部门,,008_案例8_乡村临水路段三轮车坠河乘客落水事故_762bb684,案例8：乡村临水路段三轮车坠河乘客落水事故,Action,Department,0.8500,海事与路政部门协助打捞落水车辆，清理河道,交通应急处理案例4.txt,AUTO_HIGH
紧急刹车,TMP_ACTI_3E5C87284F,MEA_CASE_72BE7C7A01,急刹车,,REQUIRES,宠物狗,TMP_RESO_181F57278F,RES_CASE_2829BE6C8C,宠物狗,,009_案例9_城市高架路宠物窜出引发多车急刹追尾事故_772f45c7,案例9：城市高架路宠物窜出引发多车急刹追尾事故,Action,Resource,0.7000,一辆小型轿车内宠物狗突然窜出车窗,交通应急处理案例4.txt,AUTO_MEDIUM
液化气泄漏,TMP_EVEN_102A6DDCDE,EVT_HAZMAT_LEAK,危险化学品运输泄漏事件,EVT_HAZMAT_LEAK|EVT_HAZMAT_ACCIDENT|EVT_TRAFFIC_ACCIDENT,TRIGGERS,疏散,TMP_ACTI_190555415C,MEA_CASE_1BCFC5476A,疏散,,010_案例10_液化气罐运输车省道剐蹭泄漏事故_e907c177,案例10：液化气罐运输车省道剐蹭泄漏事故,Event,Action,0.8000,周边群众紧急疏散。,交通应急处理案例4.txt,AUTO_MEDIUM
追尾事故,TMP_EVEN_69EC44FF9A,EVT_CASE_4D219D5D07,追尾事故,EVT_CASE_4D219D5D07|EVT_ROAD_INTERRUPTION|EVT_VEHICLE_BACKLOG|EVT_TRAFFIC_ACCIDENT,CAUSES,交通中断,TMP_EVEN_8A9FCFF6F6,EVT_ROAD_INTERRUPTION,公路中断,EVT_ROAD_INTERRUPTION,012_案例12_山区雾区客车追尾货车乘客被困事故_c8333410,案例12：山区雾区客车追尾货车乘客被困事故,Event,Event,0.9000,造成客车驾驶员1人重伤、8名乘客不同程度受伤，货车尾部轻微受损，双向交通中断,交通应急处理案例4.txt,AUTO_HIGH
拖移,TMP_ACTI_689E1E08E5,MEA_CASE_F85C37DD34,拖移,,REQUIRES,客车,TMP_RESO_26EEEDB404,RES_CASE_6A5007AF8C,客车,,012_案例12_山区雾区客车追尾货车乘客被困事故_c8333410,案例12：山区雾区客车追尾货车乘客被困事故,Action,Resource,0.8000,路政部门清理现场，拖移事故车辆,交通应急处理案例4.txt,AUTO_MEDIUM
拖移,TMP_ACTI_689E1E08E5,MEA_CASE_F85C37DD34,拖移,,REQUIRES,货车,TMP_RESO_E2324126D6,RES_CASE_7CD39CFBB2,货车,,012_案例12_山区雾区客车追尾货车乘客被困事故_c8333410,案例12：山区雾区客车追尾货车乘客被困事故,Action,Resource,0.8000,路政部门清理现场，拖移事故车辆,交通应急处理案例4.txt,AUTO_MEDIUM
道路积冰,TMP_EVEN_C2EEB3CA0E,EVT_ROAD_ICE,道路积冰,EVT_ROAD_ICE|EVT_TRAFFIC_ACCIDENT,CAUSES,车辆侧滑,TMP_EVEN_B81101F0C4,EVT_ROAD_ICE,道路积冰,EVT_ROAD_ICE,013_案例13_城市主干道洒水车路面结冰致多车侧滑事故_450e1453,案例13：城市主干道洒水车路面结冰致多车侧滑事故,Event,Event,0.9500,路面迅速结冰，5辆小型轿车、2辆电动车行驶中相继侧滑,交通应急处理案例4.txt,AUTO_HIGH
电池管理系统故障,TMP_EVEN_F8EAFE89DC,EVT_CASE_4C20266F7A,电池管理系统故障,EVT_CASE_4C20266F7A,CAUSES,短路,TMP_EVEN_1DB2FA20F1,EVT_CASE_1FC7D86F38,短路,EVT_CASE_1FC7D86F38,014_案例14_高速服务区充电桩车辆短路起火事故_53d3e03f,案例14：高速服务区充电桩车辆短路起火事故,Event,Event,0.9500,电池管理系统故障引发短路,交通应急处理案例4.txt,AUTO_HIGH
短路,TMP_EVEN_1DB2FA20F1,EVT_CASE_1FC7D86F38,短路,EVT_CASE_1FC7D86F38,CAUSES,新能源汽车起火,TMP_EVEN_D758EFEEF5,EVT_CASE_71A0CC4ACB,新能源汽车起火,EVT_CASE_71A0CC4ACB|EVT_LONG_TUNNEL_ACCIDENT,014_案例14_高速服务区充电桩车辆短路起火事故_53d3e03f,案例14：高速服务区充电桩车辆短路起火事故,Event,Event,0.9000,短路，车辆底部迅速起火,交通应急处理案例4.txt,AUTO_HIGH
切断电源,TMP_ACTI_B8DBBF2BE7,MEA_CASE_7D3350A778,切断电源,,REQUIRES,充电桩,TMP_RESO_1B25A5B6A1,RES_CASE_EC2C091FF1,充电桩,,014_案例14_高速服务区充电桩车辆短路起火事故_53d3e03f,案例14：高速服务区充电桩车辆短路起火事故,Action,Resource,0.8000,服务区工作人员立即切断充电桩总电源,交通应急处理案例4.txt,AUTO_MEDIUM
新能源汽车起火,TMP_EVEN_D758EFEEF5,EVT_CASE_71A0CC4ACB,新能源汽车起火,EVT_CASE_71A0CC4ACB|EVT_LONG_TUNNEL_ACCIDENT,TRIGGERS,灭火,TMP_ACTI_71FA20C5CE,MEA_CASE_5330B223E5,灭火,,014_案例14_高速服务区充电桩车辆短路起火事故_53d3e03f,案例14：高速服务区充电桩车辆短路起火事故,Event,Action,0.9000,车辆底部迅速起火，使用干粉灭火器初期灭火；消防人员到场，采用专用电池灭火装备压制火势,交通应急处理案例4.txt,AUTO_HIGH
农用车侧翻,TMP_EVEN_DE952BE507,EVT_CASE_D185192C70,农用车侧翻,EVT_CASE_D185192C70|EVT_VEHICLE_BACKLOG|EVT_TRAFFIC_ACCIDENT,CAUSES,道路中断,TMP_EVEN_DBDF9AE9E8,EVT_ROAD_INTERRUPTION,公路中断,EVT_ROAD_INTERRUPTION,015_案例15_乡村机耕路农用车侧翻压伤路人事故_6175a9e6,案例15：乡村机耕路农用车侧翻压伤路人事故,Event,Event,0.8000,农用车侧翻压伤路人事故，机耕路中断,交通应急处理案例4.txt,AUTO_MEDIUM
侧翻,TMP_ACTI_946FBD73A7,MEA_CASE_0BF2A9DC72,侧翻,,IMPLEMENTED_BY,驾驶员,TMP_DEPA_B1F9D76B98,ORG_CASE_DFE92BD53C,驾驶员,,015_案例15_乡村机耕路农用车侧翻压伤路人事故_6175a9e6,案例15：乡村机耕路农用车侧翻压伤路人事故,Action,Department,0.6000,三轮车车身压住驾驶员腿部。,交通应急处理案例4.txt,AUTO_MEDIUM
横风,TMP_EVEN_7A089C58E8,EVT_CASE_A6BC66FD76,横风,EVT_CASE_A6BC66FD76,CAUSES,车辆侧翻,TMP_EVEN_56E34BD127,EVT_CASE_9CC62EF2EB,车辆侧翻,EVT_CASE_9CC62EF2EB|EVT_VEHICLE_BACKLOG|EVT_ROAD_DAMAGE,016_案例16_跨海大桥横风致货车侧摆撞护栏事故_ebcb6fbe,案例16：跨海大桥横风致货车侧摆撞护栏事故,Event,Event,0.9500,突发强横风，风力达9级，一辆轻型厢式货车行驶中被横风刮得侧摆，失控撞上大桥右侧护栏,交通应急处理案例4.txt,AUTO_HIGH
护栏修复,TMP_ACTI_B2FF7CD0ED,MEA_CASE_FFCFDC93C4,护栏修复,,REQUIRES,护栏,TMP_RESO_01EB6A7185,RES_CASE_325A82726F,护栏,,016_案例16_跨海大桥横风致货车侧摆撞护栏事故_ebcb6fbe,案例16：跨海大桥横风致货车侧摆撞护栏事故,Action,Resource,0.8000,路政人员清理散落货物，拖移事故车辆，修复临时护栏,交通应急处理案例4.txt,AUTO_MEDIUM
横风,TMP_EVEN_7A089C58E8,EVT_CASE_A6BC66FD76,横风,EVT_CASE_A6BC66FD76,TRIGGERS,交通疏导,TMP_ACTI_51F670C42C,MEA_CASE_AF64FD25F0,交通疏导,,016_案例16_跨海大桥横风致货车侧摆撞护栏事故_ebcb6fbe,案例16：跨海大桥横风致货车侧摆撞护栏事故,Event,Action,0.7500,气象部门实时监测风力，待横风减弱后全面疏导交通,交通应急处理案例4.txt,AUTO_MEDIUM
紧急避让,TMP_ACTI_19D5426A01,MEA_CASE_B8803D4F47,紧急避让,,REQUIRES,校车,TMP_RESO_21532F5B03,RES_CASE_09E43A9CF9,校车,,017_案例17_校园周边校车避让学生撞树事故_674504cb,案例17：校园周边校车避让学生撞树事故,Action,Resource,0.6200,校车驾驶员紧急避让,交通应急处理案例4.txt,AUTO_MEDIUM
车辆碰撞树木,TMP_EVEN_67999EC828,EVT_CASE_A950E1F9BF,车辆碰撞树木,EVT_CASE_A950E1F9BF|EVT_ROAD_EMERGENCY,TRIGGERS,紧急避让,TMP_ACTI_19D5426A01,MEA_CASE_B8803D4F47,紧急避让,,017_案例17_校园周边校车避让学生撞树事故_674504cb,案例17：校园周边校车避让学生撞树事故,Event,Action,0.6200,校车驾驶员紧急避让,交通应急处理案例4.txt,AUTO_MEDIUM
车辆碰撞树木,TMP_EVEN_67999EC828,EVT_CASE_A950E1F9BF,车辆碰撞树木,EVT_CASE_A950E1F9BF|EVT_ROAD_EMERGENCY,CAUSES,道路拥堵,TMP_EVEN_8F369D06A0,EVT_CASE_A781D70C8D,道路拥堵,EVT_CASE_A781D70C8D,017_案例17_校园周边校车避让学生撞树事故_674504cb,案例17：校园周边校车避让学生撞树事故,Event,Event,0.6000,造成4名学生轻微磕碰伤，驾驶员无伤亡，校车车头受损，校园周边道路拥堵，家长聚集围观，情绪紧张，易引发交通混乱与家校纠纷。,交通应急处理案例4.txt,AUTO_MEDIUM
轮胎脱落,TMP_EVEN_00CE1E21A5,EVT_CASE_F6D0C0A2F8,轮胎脱落砸车,EVT_CASE_F6D0C0A2F8|EVT_TRAFFIC_ACCIDENT,TRIGGERS,车辆拖移,TMP_ACTI_49A5633234,MEA_CASE_ECF0F3566B,车辆拖移,,018_案例18_省道货车轮胎脱落砸伤对向轿车事故_fccf945e,案例18：省道货车轮胎脱落砸伤对向轿车事故,Event,Action,0.6200,拖移事故车辆,交通应急处理案例4.txt,AUTO_MEDIUM
轮胎脱落,TMP_EVEN_00CE1E21A5,EVT_CASE_F6D0C0A2F8,轮胎脱落砸车,EVT_CASE_F6D0C0A2F8|EVT_TRAFFIC_ACCIDENT,TRIGGERS,现场清理,TMP_ACTI_3FA9251C3F,MEA_CASE_B96269C236,现场清理,,018_案例18_省道货车轮胎脱落砸伤对向轿车事故_fccf945e,案例18：省道货车轮胎脱落砸伤对向轿车事故,Event,Action,0.6200,清理现场,交通应急处理案例4.txt,AUTO_MEDIUM
逆行,TMP_ACTI_9E24BDD820,MEA_CASE_FEE3C04977,逆行,,REQUIRES,电动自行车,TMP_RESO_1426CC3EFF,RES_CASE_8AE47E20B6,电动自行车,,019_案例19_城市地下通道电动车逆行碰撞事故_12e40307,案例19：城市地下通道电动车逆行碰撞事故,Action,Resource,0.6200,一辆电动自行车逆行超速行驶,交通应急处理案例4.txt,AUTO_MEDIUM
电动自行车碰撞,TMP_EVEN_C3502FFDCE,EVT_CASE_CDD39AAD13,电动自行车逆行碰撞,EVT_CASE_CDD39AAD13|EVT_ROAD_INTERRUPTION|EVT_ROAD_EMERGENCY|EVT_VEHICLE_BACKLOG,TRIGGERS,逆行,TMP_ACTI_9E24BDD820,MEA_CASE_FEE3C04977,逆行,,019_案例19_城市地下通道电动车逆行碰撞事故_12e40307,案例19：城市地下通道电动车逆行碰撞事故,Event,Action,0.6200,一辆电动自行车逆行超速行驶,交通应急处理案例4.txt,AUTO_MEDIUM
超速行驶,TMP_ACTI_4F7DC0FBDC,MEA_CASE_0B78E0C051,超速行驶,,REQUIRES,电动自行车,TMP_RESO_1426CC3EFF,RES_CASE_8AE47E20B6,电动自行车,,019_案例19_城市地下通道电动车逆行碰撞事故_12e40307,案例19：城市地下通道电动车逆行碰撞事故,Action,Resource,0.6200,一辆电动自行车逆行超速行驶,交通应急处理案例4.txt,AUTO_MEDIUM
电动自行车碰撞,TMP_EVEN_C3502FFDCE,EVT_CASE_CDD39AAD13,电动自行车逆行碰撞,EVT_CASE_CDD39AAD13|EVT_ROAD_INTERRUPTION|EVT_ROAD_EMERGENCY|EVT_VEHICLE_BACKLOG,TRIGGERS,超速行驶,TMP_ACTI_4F7DC0FBDC,MEA_CASE_0B78E0C051,超速行驶,,019_案例19_城市地下通道电动车逆行碰撞事故_12e40307,案例19：城市地下通道电动车逆行碰撞事故,Event,Action,0.6200,一辆电动自行车逆行超速行驶,交通应急处理案例4.txt,AUTO_MEDIUM
车辆自燃,TMP_EVEN_F90237A7D0,EVT_CASE_61047CDF1B,车辆自燃,EVT_CASE_61047CDF1B|EVT_FOREST_GRASS_FIRE,CAUSES,森林火灾,TMP_EVEN_5ADF7C1D7D,EVT_FOREST_GRASS_FIRE,森林草原火灾,EVT_FOREST_GRASS_FIRE,020_案例20_林区公路落叶自燃引燃货车事故_29d401a5,案例20：林区公路落叶自燃引燃货车事故,Event,Event,0.7500,易引发森林火灾,交通应急处理案例4.txt,AUTO_MEDIUM
封闭公路,TMP_ACTI_E674380171,MEA_CASE_36DBC83B98,封闭公路,,IMPLEMENTED_BY,交警,TMP_DEPA_C35B91BE1E,ORG_CASE_DA3B807A38,交警,,020_案例20_林区公路落叶自燃引燃货车事故_29d401a5,案例20：林区公路落叶自燃引燃货车事故,Action,Department,0.8000,交警封闭林区公路,交通应急处理案例4.txt,AUTO_MEDIUM
清理落叶,TMP_ACTI_370BC3DA71,MEA_CASE_7D42417395,清理落叶,,IMPLEMENTED_BY,林业部门,TMP_DEPA_0297B29641,ORG_CASE_2479FEF9A4,林业部门,,020_案例20_林区公路落叶自燃引燃货车事故_29d401a5,案例20：林区公路落叶自燃引燃货车事故,Action,Department,0.8000,林业部门监测林区火情，清理周边落叶,交通应急处理案例4.txt,AUTO_MEDIUM
拖移车辆,TMP_ACTI_5F5346986C,MEA_CASE_450A825FE7,拖移车辆,,IMPLEMENTED_BY,路政人员,TMP_DEPA_EDCDC97BB6,ORG_CASE_E4BC9E3125,路政人员,,020_案例20_林区公路落叶自燃引燃货车事故_29d401a5,案例20：林区公路落叶自燃引燃货车事故,Action,Department,0.8000,路政人员拖移烧毁车辆,交通应急处理案例4.txt,AUTO_MEDIUM
道路清理,TMP_ACTI_ACD3EAE3C9,MEA_CASE_81D300AC3F,道路清理,,REQUIRES,清扫车,TMP_RESO_36DC6DB745,RES_CASE_334F483C4E,清扫车,,021_案例21_高速路货车遗撒碎石砸毁多车玻璃事故_66aa27e9,案例21：高速路货车遗撒碎石砸毁多车玻璃事故,Action,Resource,0.8000,路政部门调集清扫车，全面清理路面碎石,交通应急处理案例4.txt,AUTO_MEDIUM
超载,TMP_ACTI_9E00DE78A5,MEA_CASE_A048795819,超载,,REQUIRES,渡船,TMP_RESO_8AEA967898,RES_CASE_C54C46856D,渡船,,022_案例22_城郊渡口渡船超载倾斜乘客恐慌事故_d7f8ef11,案例22：城郊渡口渡船超载倾斜乘客恐慌事故,Action,Resource,0.6200,渡船违规超载搭载12辆电动车、30余名乘客,交通应急处理案例4.txt,AUTO_MEDIUM
渡船倾斜,TMP_EVEN_FFA8A41CAC,EVT_CASE_954A2AAAEA,渡船倾斜,EVT_CASE_954A2AAAEA|EVT_ROAD_INTERRUPTION|EVT_HUB_INTERRUPTION,TRIGGERS,超载,TMP_ACTI_9E00DE78A5,MEA_CASE_A048795819,超载,,022_案例22_城郊渡口渡船超载倾斜乘客恐慌事故_d7f8ef11,案例22：城郊渡口渡船超载倾斜乘客恐慌事故,Event,Action,0.6200,渡船违规超载搭载12辆电动车、30余名乘客,交通应急处理案例4.txt,AUTO_MEDIUM
渡船倾斜,TMP_EVEN_FFA8A41CAC,EVT_CASE_954A2AAAEA,渡船倾斜,EVT_CASE_954A2AAAEA|EVT_ROAD_INTERRUPTION|EVT_HUB_INTERRUPTION,CAUSES,船体倾斜,TMP_EVEN_3BA191AAB9,EVT_CASE_2266E83C3A,船体倾斜,EVT_CASE_2266E83C3A,022_案例22_城郊渡口渡船超载倾斜乘客恐慌事故_d7f8ef11,案例22：城郊渡口渡船超载倾斜乘客恐慌事故,Event,Event,0.6000,无人员落水伤亡，部分乘客轻微擦伤、恐慌不适，渡船船体轻微渗水，渡口运营中断，周边群众过渡受阻，船体有倾覆风险，救援船只需紧急出动。,交通应急处理案例4.txt,AUTO_MEDIUM
高空坠物,TMP_EVEN_0EF3EF652B,EVT_CONSTRUCTION_ACCIDENT,公路工程建设事故,EVT_CONSTRUCTION_ACCIDENT|EVT_CONSTRUCTION_SAFETY,TRIGGERS,安全整改,TMP_ACTI_EE3A907784,MEA_CASE_A0148F49D9,安全整改,,023_案例23_城市环路工程作业车高空坠物砸车事故_4d8cb0cd,案例23：城市环路工程作业车高空坠物砸车事故,Event,Action,0.7000,高空坠物易再次砸中过往车辆，存在重大安全隐患。,交通应急处理案例4.txt,AUTO_MEDIUM
道路积冰,TMP_EVEN_0C82EE9157,EVT_ROAD_ICE,道路积冰,EVT_ROAD_ICE,CAUSES,车辆侧滑,TMP_EVEN_797374E8EA,EVT_CASE_F4726E4011,车辆侧滑,EVT_CASE_F4726E4011|EVT_TRAFFIC_ACCIDENT,024_案例24_冰雪山区公路面包车坠沟事故_8474fcb3,案例24：冰雪山区公路面包车坠沟事故,Event,Event,0.9000,行驶至结冰弯道时，车辆侧滑,交通应急处理案例4.txt,AUTO_HIGH
车辆侧滑,TMP_EVEN_797374E8EA,EVT_CASE_F4726E4011,车辆侧滑,EVT_CASE_F4726E4011|EVT_TRAFFIC_ACCIDENT,CAUSES,车辆侧翻,TMP_EVEN_22A6D27DB5,EVT_CASE_9CC62EF2EB,车辆侧翻,EVT_CASE_9CC62EF2EB|EVT_ROAD_ICE|EVT_ROAD_EMERGENCY|EVT_TRAFFIC_ACCIDENT,024_案例24_冰雪山区公路面包车坠沟事故_8474fcb3,案例24：冰雪山区公路面包车坠沟事故,Event,Event,0.8500,车辆侧滑冲出路面，坠入3米深排水沟，车身翻转,交通应急处理案例4.txt,AUTO_HIGH
卸货,TMP_ACTI_BDC0591160,MEA_CASE_AC1DB23CF7,卸货,,REQUIRES,轻型货车,TMP_RESO_368BACF095,RES_CASE_F6D6DD254E,轻型货车,,025_案例25_农贸市场周边货车卸货撞损摊位事故_ebca0da2,案例25：农贸市场周边货车卸货撞损摊位事故,Action,Resource,0.8000,一辆轻型货车违规在非机动车道卸货,交通应急处理案例4.txt,AUTO_MEDIUM
团雾,TMP_EVEN_05C555EDAB,EVT_CASE_B9F7125E79,团雾,EVT_CASE_B9F7125E79,CAUSES,高速追尾事故,TMP_EVEN_2E75F705B6,EVT_CASE_F942FD2EE9,高速追尾事故,EVT_CASE_F942FD2EE9|EVT_LONG_TUNNEL_ACCIDENT|EVT_TRAFFIC_ACCIDENT,026_案例26_高速隧道口团雾多车连环追尾事故_0bea1e3a,案例26：高速隧道口团雾多车连环追尾事故,Event,Event,0.9000,突发团雾，一辆轿车驶出隧道后未及时减速，与前方缓行车辆追尾，后续4辆轿车、1辆货车接连避让不及，发生连环追尾,交通应急处理案例4.txt,AUTO_HIGH
团雾,TMP_EVEN_05C555EDAB,EVT_CASE_B9F7125E79,团雾,EVT_CASE_B9F7125E79,TRIGGERS,追尾,TMP_ACTI_789CB21562,MEA_CASE_641D68DEBE,追尾,,026_案例26_高速隧道口团雾多车连环追尾事故_0bea1e3a,案例26：高速隧道口团雾多车连环追尾事故,Event,Action,0.8000,突发团雾，一辆轿车驶出隧道后未及时减速，与前方缓行车辆追尾,交通应急处理案例4.txt,AUTO_MEDIUM
追尾,TMP_ACTI_789CB21562,MEA_CASE_641D68DEBE,追尾,,REQUIRES,破拆工具,TMP_RESO_46DC127AE1,RES_CASE_C3722A0388,破拆工具,,026_案例26_高速隧道口团雾多车连环追尾事故_0bea1e3a,案例26：高速隧道口团雾多车连环追尾事故,Action,Resource,0.7000,消防人员携带破拆工具，解救被困人员,交通应急处理案例4.txt,AUTO_MEDIUM
追尾,TMP_ACTI_789CB21562,MEA_CASE_641D68DEBE,追尾,,IMPLEMENTED_BY,消防人员,TMP_DEPA_F14A074304,ORG_CASE_78A3399250,消防人员,,026_案例26_高速隧道口团雾多车连环追尾事故_0bea1e3a,案例26：高速隧道口团雾多车连环追尾事故,Action,Department,0.8000,消防人员携带破拆工具，解救被困人员,交通应急处理案例4.txt,AUTO_MEDIUM
追尾,TMP_ACTI_789CB21562,MEA_CASE_641D68DEBE,追尾,,IMPLEMENTED_BY,医疗部门,TMP_DEPA_F9351EC33C,ORG_CASE_58D13C3595,医疗部门,,026_案例26_高速隧道口团雾多车连环追尾事故_0bea1e3a,案例26：高速隧道口团雾多车连环追尾事故,Action,Department,0.7000,医疗部门开通绿色通道，转运伤者,交通应急处理案例4.txt,AUTO_MEDIUM
追尾,TMP_ACTI_789CB21562,MEA_CASE_641D68DEBE,追尾,,IMPLEMENTED_BY,路政部门,TMP_DEPA_09752D4DB9,ORG_CASE_12F41DBD86,路政部门,,026_案例26_高速隧道口团雾多车连环追尾事故_0bea1e3a,案例26：高速隧道口团雾多车连环追尾事故,Action,Department,0.7000,路政部门清理事故车辆，待团雾消散后逐步恢复交通,交通应急处理案例4.txt,AUTO_MEDIUM
追尾,TMP_ACTI_789CB21562,MEA_CASE_641D68DEBE,追尾,,IMPLEMENTED_BY,交警,TMP_DEPA_09876EE4A8,ORG_CASE_DA3B807A38,交警,,026_案例26_高速隧道口团雾多车连环追尾事故_0bea1e3a,案例26：高速隧道口团雾多车连环追尾事故,Action,Department,0.7000,交警封闭隧道入口，发布团雾预警，疏导车辆分流；依据《道路交通安全法》开展事故调查,交通应急处理案例4.txt,AUTO_MEDIUM
清理乱停共享单车,TMP_ACTI_30E0A88776,MEA_CASE_EC71C4FC04,清理乱停共享单车,,IMPLEMENTED_BY,城管,TMP_DEPA_A6F81E97F1,ORG_CASE_3423B24BB3,城管,,027_案例27_城市共享单车乱停放引发电动车碰撞事故_bf6ff04b,案例27：城市共享单车乱停放引发电动车碰撞事故,Action,Department,0.8000,城管与交警到场，清理乱停共享单车,交通应急处理案例4.txt,AUTO_MEDIUM
清理乱停共享单车,TMP_ACTI_30E0A88776,MEA_CASE_EC71C4FC04,清理乱停共享单车,,IMPLEMENTED_BY,交警,TMP_DEPA_A36B86E638,ORG_CASE_DA3B807A38,交警,,027_案例27_城市共享单车乱停放引发电动车碰撞事故_bf6ff04b,案例27：城市共享单车乱停放引发电动车碰撞事故,Action,Department,0.8000,城管与交警到场，清理乱停共享单车,交通应急处理案例4.txt,AUTO_MEDIUM
撞断,TMP_ACTI_383AD37716,MEA_CASE_08CD8158BD,撞断,,REQUIRES,货车,TMP_RESO_A599699CBD,RES_CASE_7CD39CFBB2,货车,,028_案例28_乡村桥梁限高杆被货车撞断阻断交通事故_b883778e,案例28：乡村桥梁限高杆被货车撞断阻断交通事故,Action,Resource,0.8500,一辆超高重型货车...撞断限高杆,交通应急处理案例4.txt,AUTO_HIGH
撞断,TMP_ACTI_383AD37716,MEA_CASE_08CD8158BD,撞断,,REQUIRES,限高杆,TMP_RESO_FB25423928,RES_CASE_FE2226A75F,限高杆,,028_案例28_乡村桥梁限高杆被货车撞断阻断交通事故_b883778e,案例28：乡村桥梁限高杆被货车撞断阻断交通事故,Action,Resource,0.9500,一辆超高重型货车...撞断限高杆,交通应急处理案例4.txt,AUTO_HIGH
车辆碰撞,TMP_EVEN_C976BE5362,EVT_CASE_9BDDC88CCC,车辆碰撞,EVT_CASE_9BDDC88CCC|EVT_ROAD_INTERRUPTION|EVT_ROAD_EMERGENCY|EVT_VEHICLE_BACKLOG|EVT_TRAFFIC_ACCIDENT,TRIGGERS,分心驾驶,TMP_ACTI_E595F8DA80,MEA_CASE_5FC20D97EE,分心驾驶,,029_案例29_城郊结合部网约车分心驾驶撞飞电动车事故_648d5644,案例29：城郊结合部网约车分心驾驶撞飞电动车事故,Event,Action,0.6200,分心驾驶,交通应急处理案例4.txt,AUTO_MEDIUM
天文大潮,TMP_EVEN_A0B83D83E3,EVT_CASE_806E5440A3,天文大潮,EVT_CASE_806E5440A3,CAUSES,道路漫水,TMP_EVEN_B86BDAC790,EVT_CASE_363C4CEB8B,道路漫水,EVT_CASE_363C4CEB8B|EVT_VEHICLE_BACKLOG|EVT_ROAD_DAMAGE,030_案例30_沿海公路涨潮海水漫路车辆被困事故_5c9abbf3,案例30：沿海公路涨潮海水漫路车辆被困事故,Event,Event,0.9000,恰逢天文大潮，海水漫过路面,交通应急处理案例4.txt,AUTO_HIGH
海水漫路,TMP_EVEN_110956589C,EVT_CASE_F674C61725,海水漫路,EVT_CASE_F674C61725,CAUSES,道路漫水,TMP_EVEN_B86BDAC790,EVT_CASE_363C4CEB8B,道路漫水,EVT_CASE_363C4CEB8B|EVT_VEHICLE_BACKLOG|EVT_ROAD_DAMAGE,030_案例30_沿海公路涨潮海水漫路车辆被困事故_5c9abbf3,案例30：沿海公路涨潮海水漫路车辆被困事故,Event,Event,0.8500,海水漫过路面,交通应急处理案例4.txt,AUTO_HIGH
追尾事故,TMP_EVEN_39C476EB5B,EVT_CASE_4D219D5D07,追尾事故,EVT_CASE_4D219D5D07|EVT_VEHICLE_BACKLOG|EVT_TRAFFIC_ACCIDENT,CAUSES,车辆滞留,TMP_EVEN_AC9DFC820A,EVT_CASE_3B6CFC25B4,车辆滞留,EVT_CASE_3B6CFC25B4,031_案例31_高速公路应急车道停车被追尾事故_9438af49,案例31：高速公路应急车道停车被追尾事故,Event,Event,0.8000,高速应急车道与行车道拥堵，车辆滞留7公里,交通应急处理案例4.txt,AUTO_MEDIUM
观光自行车与轿车碰撞,TMP_EVEN_02EA97E668,EVT_CASE_EEA13BF4CE,观光自行车与轿车碰撞,EVT_CASE_EEA13BF4CE|EVT_ROAD_INTERRUPTION|EVT_ROAD_EMERGENCY|EVT_VEHICLE_BACKLOG,TRIGGERS,清理占道自行车,TMP_ACTI_7539ECDB7C,MEA_CASE_A8E26665F8,清理占道自行车,,032_案例32_城市公园周边观光自行车占道碰撞事故_ab195cb0,案例32：城市公园周边观光自行车占道碰撞事故,Event,Action,0.8000,清理占道自行车,交通应急处理案例4.txt,AUTO_MEDIUM
设置警戒区域,TMP_ACTI_1C5619302F,MEA_CASE_1D820D42D2,设置警戒区域,,IMPLEMENTED_BY,交警,TMP_DEPA_B3AC705CF6,ORG_CASE_DA3B807A38,交警,,033_案例33_山区公路岩石风化脱落砸中客车事故_065bef11,案例33：山区公路岩石风化脱落砸中客车事故,Action,Department,0.9000,交警到场，设置警戒区域,交通应急处理案例4.txt,AUTO_HIGH
清理岩石,TMP_ACTI_D798475758,MEA_CASE_4C59B43D19,清理岩石,,IMPLEMENTED_BY,消防人员,TMP_DEPA_83901F354E,ORG_CASE_78A3399250,消防人员,,033_案例33_山区公路岩石风化脱落砸中客车事故_065bef11,案例33：山区公路岩石风化脱落砸中客车事故,Action,Department,0.9000,消防人员清理脱落岩石,交通应急处理案例4.txt,AUTO_HIGH
包扎,TMP_ACTI_4CE5A1379A,MEA_CASE_D3FB3C9BCF,包扎,,IMPLEMENTED_BY,医疗人员,TMP_DEPA_8795B4060A,ORG_CASE_E5E7F0AEC0,医疗人员,,033_案例33_山区公路岩石风化脱落砸中客车事故_065bef11,案例33：山区公路岩石风化脱落砸中客车事故,Action,Department,0.9000,医疗人员对伤者进行包扎,交通应急处理案例4.txt,AUTO_HIGH
修复,TMP_ACTI_1DC54F36EA,MEA_CASE_E5CBFC8C30,修复,,IMPLEMENTED_BY,路政部门,TMP_DEPA_CAC63B87C2,ORG_CASE_12F41DBD86,路政部门,,033_案例33_山区公路岩石风化脱落砸中客车事故_065bef11,案例33：山区公路岩石风化脱落砸中客车事故,Action,Department,0.9000,路政部门修复客车受损部位,交通应急处理案例4.txt,AUTO_HIGH
监测,TMP_ACTI_C7E38EE1B5,MEA_CASE_81A36333D4,监测,,IMPLEMENTED_BY,自然资源部门,TMP_DEPA_4CA6AA8C65,ORG_CASE_D62E32C5C3,自然资源部门,,033_案例33_山区公路岩石风化脱落砸中客车事故_065bef11,案例33：山区公路岩石风化脱落砸中客车事故,Action,Department,0.9000,自然资源部门对山体进行监测,交通应急处理案例4.txt,AUTO_HIGH
车辆失控,TMP_EVEN_E304FAAA20,EVT_CASE_42AEE3CEDE,车辆失控,EVT_CASE_42AEE3CEDE|EVT_PRODUCTION_ACCIDENT|EVT_ROAD_DAMAGE|EVT_TRAFFIC_ACCIDENT,TRIGGERS,刹车失灵,TMP_ACTI_632BCDE48F,MEA_CASE_80354268E0,刹车失灵,,034_案例34_省道货车刹车失灵冲上坡避险车道事故_2dda7108,案例34：省道货车刹车失灵冲上坡避险车道事故,Event,Action,0.6200,因长时间刹车，导致刹车失灵,交通应急处理案例4.txt,AUTO_MEDIUM
疲劳驾驶,TMP_ACTI_2B5B393953,MEA_CASE_A6CD658948,驾驶员疲劳驾驶,,REQUIRES,货车,TMP_RESO_E01EB44A20,RES_CASE_7CD39CFBB2,货车,,035_案例35_城市夜宵摊周边货车撞毁摊点事故_44ea0cf5,案例35：城市夜宵摊周边货车撞毁摊点事故,Action,Resource,0.6200,一辆货车因驾驶员夜间疲劳驾驶,交通应急处理案例4.txt,AUTO_MEDIUM
车辆失控冲撞,TMP_EVEN_7559371D82,EVT_PRODUCTION_ACCIDENT,公路交通运输生产事故,EVT_PRODUCTION_ACCIDENT|EVT_ROAD_DAMAGE|EVT_TRAFFIC_ACCIDENT,TRIGGERS,疲劳驾驶,TMP_ACTI_2B5B393953,MEA_CASE_A6CD658948,驾驶员疲劳驾驶,,035_案例35_城市夜宵摊周边货车撞毁摊点事故_44ea0cf5,案例35：城市夜宵摊周边货车撞毁摊点事故,Event,Action,0.6200,一辆货车因驾驶员夜间疲劳驾驶,交通应急处理案例4.txt,AUTO_MEDIUM
牲畜横穿,TMP_EVEN_C79498BAC7,EVT_CASE_82B38E516C,牲畜横穿,EVT_CASE_82B38E516C,CAUSES,车辆侧翻,TMP_EVEN_D4A082AE3B,EVT_CASE_9CC62EF2EB,车辆侧翻,EVT_CASE_9CC62EF2EB|EVT_ROAD_INTERRUPTION|EVT_ROAD_EMERGENCY|EVT_PRODUCTION_ACCIDENT|EVT_TRAFFIC_ACCIDENT,036_案例36_草原公路牲畜横穿引发车辆侧翻事故_a8c19839,案例36：草原公路牲畜横穿引发车辆侧翻事故,Event,Event,0.9500,草原公路路段，一群牛羊横穿公路，一辆小型轿车躲避不及，猛打方向盘侧翻至路边草地,交通应急处理案例4.txt,AUTO_HIGH
燃油泄漏,TMP_EVEN_E929D0695C,EVT_HAZMAT_LEAK,危险化学品运输泄漏事件,EVT_HAZMAT_LEAK|EVT_ROAD_ICE|EVT_TRAFFIC_ACCIDENT,CAUSES,路面湿滑,TMP_EVEN_C4D509088D,EVT_CASE_8A08402BEF,路面湿滑,EVT_CASE_8A08402BEF,037_案例37_城市环路燃油泄漏路面滑溜多车事故_62e7adcd,案例37：城市环路燃油泄漏路面滑溜多车事故,Event,Event,0.9500,大量燃油泄漏路面，路面湿滑油腻,交通应急处理案例4.txt,AUTO_HIGH
路面湿滑,TMP_EVEN_C4D509088D,EVT_CASE_8A08402BEF,路面湿滑,EVT_CASE_8A08402BEF,TRIGGERS,车辆侧滑,TMP_ACTI_D5C968FBA1,MEA_CASE_7719C4F54E,车辆侧滑,,037_案例37_城市环路燃油泄漏路面滑溜多车事故_62e7adcd,案例37：城市环路燃油泄漏路面滑溜多车事故,Event,Action,0.9000,路面湿滑油腻，后续4辆小型轿车行驶中相继侧滑,交通应急处理案例4.txt,AUTO_HIGH
路面湿滑,TMP_EVEN_C4D509088D,EVT_CASE_8A08402BEF,路面湿滑,EVT_CASE_8A08402BEF,TRIGGERS,车辆剐蹭,TMP_ACTI_4BA15F0BC9,MEA_CASE_B1ACF5666D,车辆剐蹭,,037_案例37_城市环路燃油泄漏路面滑溜多车事故_62e7adcd,案例37：城市环路燃油泄漏路面滑溜多车事故,Event,Action,0.9000,路面湿滑油腻，后续4辆小型轿车行驶中相继剐蹭,交通应急处理案例4.txt,AUTO_HIGH
车辆侧滑,TMP_ACTI_D5C968FBA1,MEA_CASE_7719C4F54E,车辆侧滑,,REQUIRES,吸油毡,TMP_RESO_4619F13715,RES_CASE_AE8D95582F,吸油毡,,037_案例37_城市环路燃油泄漏路面滑溜多车事故_62e7adcd,案例37：城市环路燃油泄漏路面滑溜多车事故,Action,Resource,0.7000,消防人员使用吸油毡、沙土吸附燃油，稀释路面,交通应急处理案例4.txt,AUTO_MEDIUM
车辆侧滑,TMP_ACTI_D5C968FBA1,MEA_CASE_7719C4F54E,车辆侧滑,,REQUIRES,沙土,TMP_RESO_1F8CA75C49,RES_CASE_695B3DCAFD,沙土,,037_案例37_城市环路燃油泄漏路面滑溜多车事故_62e7adcd,案例37：城市环路燃油泄漏路面滑溜多车事故,Action,Resource,0.7000,消防人员使用吸油毡、沙土吸附燃油，稀释路面,交通应急处理案例4.txt,AUTO_MEDIUM
占道行驶,TMP_ACTI_2251F2EA55,MEA_CASE_1EE950A88B,占道行驶,,REQUIRES,收割机,TMP_RESO_E88F5C3BCE,RES_CASE_576BB65B46,收割机,,038_案例38_乡村公路收割机占道行驶碰撞事故_f280c6b4,案例38：乡村公路收割机占道行驶碰撞事故,Action,Resource,0.6200,一台大型收割机占道缓慢行驶,交通应急处理案例4.txt,AUTO_MEDIUM
车辆碰撞,TMP_EVEN_0E4768C856,EVT_CASE_9BDDC88CCC,车辆碰撞,EVT_CASE_9BDDC88CCC|EVT_ROAD_EMERGENCY|EVT_TRAFFIC_ACCIDENT,TRIGGERS,占道行驶,TMP_ACTI_2251F2EA55,MEA_CASE_1EE950A88B,占道行驶,,038_案例38_乡村公路收割机占道行驶碰撞事故_f280c6b4,案例38：乡村公路收割机占道行驶碰撞事故,Event,Action,0.6200,一台大型收割机占道缓慢行驶,交通应急处理案例4.txt,AUTO_MEDIUM
超车,TMP_ACTI_51256206A5,MEA_CASE_0F03A10F01,超车,,REQUIRES,小型轿车,TMP_RESO_FE1A627026,RES_CASE_70407E27F9,小型轿车,,038_案例38_乡村公路收割机占道行驶碰撞事故_f280c6b4,案例38：乡村公路收割机占道行驶碰撞事故,Action,Resource,0.6200,一辆小型轿车超车时避让不及,交通应急处理案例4.txt,AUTO_MEDIUM
车辆碰撞,TMP_EVEN_0E4768C856,EVT_CASE_9BDDC88CCC,车辆碰撞,EVT_CASE_9BDDC88CCC|EVT_ROAD_EMERGENCY|EVT_TRAFFIC_ACCIDENT,TRIGGERS,超车,TMP_ACTI_51256206A5,MEA_CASE_0F03A10F01,超车,,038_案例38_乡村公路收割机占道行驶碰撞事故_f280c6b4,案例38：乡村公路收割机占道行驶碰撞事故,Event,Action,0.6200,一辆小型轿车超车时避让不及,交通应急处理案例4.txt,AUTO_MEDIUM
疏导车辆,TMP_ACTI_2C4C7BAB4A,MEA_CASE_13F54D4CC6,疏导车辆,,IMPLEMENTED_BY,交警,TMP_DEPA_A087A7350D,ORG_CASE_DA3B807A38,交警,,039_案例39_高速跨线桥施工杂物掉落砸车事故_8f0be2e5,案例39：高速跨线桥施工杂物掉落砸车事故,Action,Department,0.9000,交警封闭下方高速车道，疏导车辆分流,交通应急处理案例4.txt,AUTO_HIGH
安全整改,TMP_ACTI_D538889E96,MEA_CASE_A0148F49D9,安全整改,,IMPLEMENTED_BY,交警,TMP_DEPA_A087A7350D,ORG_CASE_DA3B807A38,交警,,039_案例39_高速跨线桥施工杂物掉落砸车事故_8f0be2e5,案例39：高速跨线桥施工杂物掉落砸车事故,Action,Department,0.8000,对施工单位进行安全整改,交通应急处理案例4.txt,AUTO_MEDIUM
追责,TMP_ACTI_522F15A988,MEA_CASE_71DCBFE52F,追责,,IMPLEMENTED_BY,交警,TMP_DEPA_A087A7350D,ORG_CASE_DA3B807A38,交警,,039_案例39_高速跨线桥施工杂物掉落砸车事故_8f0be2e5,案例39：高速跨线桥施工杂物掉落砸车事故,Action,Department,0.8000,追责相关人员,交通应急处理案例4.txt,AUTO_MEDIUM
清理杂物,TMP_ACTI_08AA204F91,MEA_CASE_EAEC72BD5F,清理杂物,,IMPLEMENTED_BY,路政部门,TMP_DEPA_DECBF73D67,ORG_CASE_12F41DBD86,路政部门,,039_案例39_高速跨线桥施工杂物掉落砸车事故_8f0be2e5,案例39：高速跨线桥施工杂物掉落砸车事故,Action,Department,0.8000,路政部门拖移事故车辆，修复路面,交通应急处理案例4.txt,AUTO_MEDIUM
避让行人,TMP_ACTI_6BA2444470,MEA_CASE_1130894FD2,避让行人,,REQUIRES,货车,TMP_RESO_7A26962939,RES_CASE_7CD39CFBB2,货车,,040_案例40_城郊公交站牌货车避让行人撞毁站牌事故_13b6f187,案例40：城郊公交站牌货车避让行人撞毁站牌事故,Action,Resource,0.6200,一辆货车紧急避让,交通应急处理案例4.txt,AUTO_MEDIUM
车辆碰撞设施,TMP_EVEN_04FD3813D8,EVT_CASE_A141A000B0,车辆碰撞设施,EVT_CASE_A141A000B0|EVT_ROAD_DAMAGE,TRIGGERS,避让行人,TMP_ACTI_6BA2444470,MEA_CASE_1130894FD2,避让行人,,040_案例40_城郊公交站牌货车避让行人撞毁站牌事故_13b6f187,案例40：城郊公交站牌货车避让行人撞毁站牌事故,Event,Action,0.6200,一辆货车紧急避让,交通应急处理案例4.txt,AUTO_MEDIUM
桥面结冰,TMP_EVEN_2546854196,EVT_CASE_590A5F607D,桥面结冰,EVT_CASE_590A5F607D,CAUSES,车辆侧滑,TMP_EVEN_3C1C86B0BA,EVT_ROAD_ICE,道路积冰,EVT_ROAD_ICE|EVT_TRAFFIC_ACCIDENT|EVT_ROAD_DAMAGE,041_案例41_冬季桥面结冰货车侧滑撞毁护栏事故_55cc1c3d,案例41：冬季桥面结冰货车侧滑撞毁护栏事故,Event,Event,0.9000,冬季气温低，桥面结冰湿滑，一辆重型货车行驶中侧滑,交通应急处理案例4.txt,AUTO_HIGH
车辆侧滑,TMP_ACTI_2FD5C56F07,MEA_CASE_7719C4F54E,车辆侧滑,,REQUIRES,融雪剂,TMP_RESO_1CBBC4B2F9,RES_SNOW_AGENT,融雪剂,,041_案例41_冬季桥面结冰货车侧滑撞毁护栏事故_55cc1c3d,案例41：冬季桥面结冰货车侧滑撞毁护栏事故,Action,Resource,0.8000,市政部门撒布融雪剂，清除桥面结冰,交通应急处理案例4.txt,AUTO_MEDIUM
车辆侧翻,TMP_EVEN_0131F2C2B4,EVT_PRODUCTION_ACCIDENT,公路交通运输生产事故,EVT_PRODUCTION_ACCIDENT|EVT_ROAD_DAMAGE,TRIGGERS,超载,TMP_ACTI_6F0F6F637F,MEA_CASE_A048795819,超载,,042_案例42_城市非机动车道电动车载人超载侧翻事故_8ced9f51,案例42：城市非机动车道电动车载人超载侧翻事故,Event,Action,0.6200,超载导致车辆重心不稳,交通应急处理案例4.txt,AUTO_MEDIUM
泥石流,TMP_EVEN_6A47C49741,EVT_CASE_6176E03535,泥石流,EVT_CASE_6176E03535,CAUSES,泥石流阻断交通,TMP_EVEN_C5B31810A6,EVT_CASE_297CCEBE80,泥石流阻断交通,EVT_CASE_297CCEBE80|EVT_ROAD_EMERGENCY|EVT_ROAD_BLOCKAGE,043_案例43_山区公路泥石流半幅阻断交通事故_c242c4ba,案例43：山区公路泥石流半幅阻断交通事故,Event,Event,0.9500,因连夜降雨引发小型泥石流，泥土、石块半幅阻断路面,交通应急处理案例4.txt,AUTO_HIGH
泥石流阻断交通,TMP_EVEN_C5B31810A6,EVT_CASE_297CCEBE80,泥石流阻断交通,EVT_CASE_297CCEBE80|EVT_ROAD_EMERGENCY|EVT_ROAD_BLOCKAGE,TRIGGERS,设置警戒区域,TMP_ACTI_6485F94D0D,MEA_CASE_1D820D42D2,设置警戒区域,,043_案例43_山区公路泥石流半幅阻断交通事故_c242c4ba,案例43：山区公路泥石流半幅阻断交通事故,Event,Action,0.8000,交警到场，设置警戒区域，引导车辆半幅通行,交通应急处理案例4.txt,AUTO_MEDIUM
泥石流阻断交通,TMP_EVEN_C5B31810A6,EVT_CASE_297CCEBE80,泥石流阻断交通,EVT_CASE_297CCEBE80|EVT_ROAD_EMERGENCY|EVT_ROAD_BLOCKAGE,TRIGGERS,引导车辆,TMP_ACTI_8613630B87,MEA_CASE_1045C7C149,引导车辆,,043_案例43_山区公路泥石流半幅阻断交通事故_c242c4ba,案例43：山区公路泥石流半幅阻断交通事故,Event,Action,0.8000,交警到场，设置警戒区域，引导车辆半幅通行,交通应急处理案例4.txt,AUTO_MEDIUM
货物散落,TMP_EVEN_CBAC294991,EVT_CASE_DF0FEEC823,货物散落引发交通事故,EVT_CASE_DF0FEEC823|EVT_ROAD_INTERRUPTION|EVT_VEHICLE_BACKLOG,CAUSES,剐蹭,TMP_EVEN_ECACCAF6CC,EVT_CASE_DE6262D6FC,剐蹭,EVT_CASE_DE6262D6FC,044_案例44_高速货车拉运家具未固定散落事故_fafd00f0,案例44：高速货车拉运家具未固定散落事故,Event,Event,0.9000,行驶中家具散落路面，占用2条车道，后续3辆轿车躲避不及，发生剐蹭,交通应急处理案例4.txt,AUTO_HIGH
家具散落,TMP_EVEN_975610BF54,EVT_CASE_FF455AF8D4,家具散落,EVT_CASE_FF455AF8D4,CAUSES,货物散落,TMP_EVEN_CBAC294991,EVT_CASE_DF0FEEC823,货物散落引发交通事故,EVT_CASE_DF0FEEC823|EVT_ROAD_INTERRUPTION|EVT_VEHICLE_BACKLOG,044_案例44_高速货车拉运家具未固定散落事故_fafd00f0,案例44：高速货车拉运家具未固定散落事故,Event,Event,0.8000,家具散落路面,交通应急处理案例4.txt,AUTO_MEDIUM
铁路交通事故,TMP_EVEN_C7DBDA5DBE,EVT_CASE_AC9399F429,铁路平交道口碰撞事故,EVT_CASE_AC9399F429|EVT_ROAD_INTERRUPTION|EVT_ROAD_EMERGENCY,TRIGGERS,紧急制动,TMP_ACTI_741DDA2023,MEA_CASE_34B2655045,紧急制动,,045_案例45_城郊铁路平交道口电动车抢行被撞事故_6a091b7a,案例45：城郊铁路平交道口电动车抢行被撞事故,Event,Action,0.8000,火车紧急制动,交通应急处理案例4.txt,AUTO_MEDIUM
紧急制动,TMP_ACTI_741DDA2023,MEA_CASE_34B2655045,紧急制动,,REQUIRES,货运火车,TMP_RESO_4250477D6B,RES_CASE_E193A7EA9F,货运火车,,045_案例45_城郊铁路平交道口电动车抢行被撞事故_6a091b7a,案例45：城郊铁路平交道口电动车抢行被撞事故,Action,Resource,0.7000,火车紧急制动,交通应急处理案例4.txt,AUTO_MEDIUM
超长装载,TMP_ACTI_AD211EB177,MEA_CASE_D53D85D8E4,超长装载,,REQUIRES,货车,TMP_RESO_49406CA6E8,RES_CASE_7CD39CFBB2,货车,,047_案例47_乡村公路货车拉运竹竿超长剐蹭客车事故_8de2b58e,案例47：乡村公路货车拉运竹竿超长剐蹭客车事故,Action,Resource,0.6200,货车拉运竹竿，超长超出车尾3米，未设置警示标志,交通应急处理案例4.txt,AUTO_MEDIUM
车辆剐蹭,TMP_EVEN_A2B7E0B0F8,EVT_CASE_F4AFE9A596,车辆剐蹭,EVT_CASE_F4AFE9A596|EVT_VEHICLE_BACKLOG|EVT_TRAFFIC_ACCIDENT,TRIGGERS,超长装载,TMP_ACTI_AD211EB177,MEA_CASE_D53D85D8E4,超长装载,,047_案例47_乡村公路货车拉运竹竿超长剐蹭客车事故_8de2b58e,案例47：乡村公路货车拉运竹竿超长剐蹭客车事故,Event,Action,0.6200,货车拉运竹竿，超长超出车尾3米，未设置警示标志,交通应急处理案例4.txt,AUTO_MEDIUM
车辆剐蹭,TMP_EVEN_A2B7E0B0F8,EVT_CASE_F4AFE9A596,车辆剐蹭,EVT_CASE_F4AFE9A596|EVT_VEHICLE_BACKLOG|EVT_TRAFFIC_ACCIDENT,CAUSES,车辆滞留,TMP_EVEN_A73301D73A,EVT_VEHICLE_BACKLOG,车辆积压,EVT_VEHICLE_BACKLOG,047_案例47_乡村公路货车拉运竹竿超长剐蹭客车事故_8de2b58e,案例47：乡村公路货车拉运竹竿超长剐蹭客车事故,Event,Event,0.6000,2名乘客被碎玻璃划伤，客车与竹竿受损，乡村公路拥堵，车辆滞留2公里，超长装载违规，易引发重大伤亡。,交通应急处理案例4.txt,AUTO_MEDIUM
暴雨,TMP_EVEN_29F2F1DF4C,EVT_RAINSTORM,暴雨,EVT_RAINSTORM,CAUSES,车辆涉水熄火,TMP_EVEN_7363AE72EF,EVT_CASE_E68012F9D4,车辆涉水熄火,EVT_CASE_E68012F9D4|EVT_VEHICLE_BACKLOG|EVT_TRAFFIC_ACCIDENT,048_案例48_高速路暴雨天气车辆涉水熄火群困事故_33da7525,案例48：高速路暴雨天气车辆涉水熄火群困事故,Event,Event,0.9000,突降暴雨，路面积水达50厘米，6辆小型轿车、2辆SUV依次驶入积水区熄火,交通应急处理案例4.txt,AUTO_HIGH
路面积水,TMP_EVEN_8F829736F6,EVT_CASE_106C22F38E,路面积水,EVT_CASE_106C22F38E,CAUSES,车辆涉水熄火,TMP_EVEN_7363AE72EF,EVT_CASE_E68012F9D4,车辆涉水熄火,EVT_CASE_E68012F9D4|EVT_VEHICLE_BACKLOG|EVT_TRAFFIC_ACCIDENT,048_案例48_高速路暴雨天气车辆涉水熄火群困事故_33da7525,案例48：高速路暴雨天气车辆涉水熄火群困事故,Event,Event,0.8500,路面积水达50厘米，6辆小型轿车、2辆SUV依次驶入积水区熄火,交通应急处理案例4.txt,AUTO_HIGH
渣土遗撒,TMP_EVEN_A2346A2470,EVT_CASE_D44DBBBD83,渣土遗撒,EVT_CASE_D44DBBBD83,CAUSES,车辆侧翻,TMP_EVEN_FF7F817F22,EVT_CASE_9CC62EF2EB,车辆侧翻,EVT_CASE_9CC62EF2EB|EVT_ROAD_INTERRUPTION|EVT_ROAD_EMERGENCY|EVT_PRODUCTION_ACCIDENT|EVT_ROAD_DAMAGE|EVT_TRAFFIC_ACCIDENT,049_案例49_城郊结合部渣土车遗撒渣土掩埋非机动车事_dd029e85,案例49：城郊结合部渣土车遗撒渣土掩埋非机动车事故,Event,Event,0.9000,大量渣土遗撒路面，堆积成小土堆，一辆电动自行车行驶中撞上土堆，车辆侧翻,交通应急处理案例4.txt,AUTO_HIGH
超限检测设备故障,TMP_EVEN_0782996411,EVT_CASE_76776359A6,超限检测设备故障,EVT_CASE_76776359A6,CAUSES,车辆侧翻,TMP_EVEN_D000F3778B,EVT_ROAD_INTERRUPTION,公路中断,EVT_ROAD_INTERRUPTION|EVT_ROAD_EMERGENCY|EVT_TRAFFIC_ACCIDENT,050_案例50_城市高架路匝道货车超限上桥侧翻事故_c8ea5027,案例50：城市高架路匝道货车超限上桥侧翻事故,Event,Event,0.9000,超限检测设备故障，一辆超重重型货车违规驶入高架匝道，匝道转弯半径小，货车因超重、车速过快侧翻,交通应急处理案例4.txt,AUTO_HIGH
