case_id,case_title,source_file,entity_temp_id,entity_name,entity_type,resolution_type,final_entity_id,final_entity_name,is_new_entity,primary_event_id,primary_event_name,expanded_event_ids,expanded_event_names,query_event_ids,query_event_names,alias_patch_target_ids,alias_patch_target_names,normalized_id,normalized_name,normalized_score,matched_alias,extraction_confidence,evidence,review_status
001_铁路道口危化品运输车与火车碰撞事故_b56d81db,铁路道口危化品运输车与火车碰撞事故,交通应急处理案例3.txt,TMP_EVEN_FC1F4AB40B,危化品运输车辆与火车碰撞,Event,alias_match_with_expansions,EVT_HAZMAT_ACCIDENT,危险货物运输事故,false,EVT_HAZMAT_ACCIDENT,危险货物运输事故,EVT_ROAD_INTERRUPTION|EVT_TRAFFIC_ACCIDENT|EVT_HAZMAT_LEAK,公路中断|交通事故|危险化学品运输泄漏事件,EVT_HAZMAT_ACCIDENT|EVT_ROAD_INTERRUPTION|EVT_TRAFFIC_ACCIDENT|EVT_HAZMAT_LEAK,危险货物运输事故|公路中断|交通事故|危险化学品运输泄漏事件,EVT_HAZMAT_ACCIDENT,危险货物运输事故,EVT_HAZMAT_ACCIDENT,危险货物运输事故,0.0000,危险货物运输事故,0.9000,某县道铁路平交道口，一辆装载液化天然气的罐式危化品运输车，在道口信号灯变红时未停车避让，与正常行驶的货运火车发生正面碰撞,REVIEW_REQUIRED
001_铁路道口危化品运输车与火车碰撞事故_b56d81db,铁路道口危化品运输车与火车碰撞事故,交通应急处理案例3.txt,TMP_EVEN_70D4B09976,危化品泄漏,Event,new_event,EVT_CASE_FF7FD44A64,危化品泄漏,true,EVT_CASE_FF7FD44A64,危化品泄漏,,,EVT_CASE_FF7FD44A64,危化品泄漏,,,,,0.0000,,0.9000,危化品罐体出现裂缝，天然气少量泄漏,REVIEW_REQUIRED
002_城市高架匝道货车侧翻货物散落事故_dc8ba489,城市高架匝道货车侧翻货物散落事故,交通应急处理案例3.txt,TMP_EVEN_E298168B17,车辆侧翻,Event,new_event_with_expansions,EVT_CASE_9CC62EF2EB,车辆侧翻,true,EVT_CASE_9CC62EF2EB,车辆侧翻,EVT_VEHICLE_BACKLOG|EVT_ROAD_INTERRUPTION|EVT_TRAFFIC_ACCIDENT,车辆积压|公路中断|交通事故,EVT_CASE_9CC62EF2EB|EVT_VEHICLE_BACKLOG|EVT_ROAD_INTERRUPTION|EVT_TRAFFIC_ACCIDENT,车辆侧翻|车辆积压|公路中断|交通事故,EVT_VEHICLE_BACKLOG|EVT_ROAD_INTERRUPTION|EVT_TRAFFIC_ACCIDENT,车辆积压|公路中断|交通事故,,,0.0000,,0.9000,一辆重型货车超载运输建材，在匝道转弯处因车速过快、重心偏移发生侧翻,REVIEW_REQUIRED
002_城市高架匝道货车侧翻货物散落事故_dc8ba489,城市高架匝道货车侧翻货物散落事故,交通应急处理案例3.txt,TMP_ACTI_3E5061FBE2,超载,Action,existing_match,MEA_CASE_A048795819,超载,false,,,,,,,,,MEA_CASE_A048795819,超载,1.0000,超载,0.8000,一辆重型货车超载运输建材,AUTO_HIGH
002_城市高架匝道货车侧翻货物散落事故_dc8ba489,城市高架匝道货车侧翻货物散落事故,交通应急处理案例3.txt,TMP_EVEN_62B5CFB50C,车辆滞留,Event,alias_match,EVT_VEHICLE_BACKLOG,车辆积压,false,EVT_VEHICLE_BACKLOG,车辆积压,,,EVT_VEHICLE_BACKLOG,车辆积压,,,EVT_VEHICLE_BACKLOG,车辆积压,0.1941,车辆滞留,0.8000,后方车辆滞留约4公里,REVIEW_REQUIRED
002_城市高架匝道货车侧翻货物散落事故_dc8ba489,城市高架匝道货车侧翻货物散落事故,交通应急处理案例3.txt,TMP_EVEN_D9BE32377D,匝道交通中断,Event,new_event,EVT_CASE_BE91B84AF9,匝道交通中断,true,EVT_CASE_BE91B84AF9,匝道交通中断,,,EVT_CASE_BE91B84AF9,匝道交通中断,,,,,0.0000,,0.8000,匝道双向交通完全中断,REVIEW_REQUIRED
003_乡村渡口车辆渡船碰撞事故_a7269e2d,乡村渡口车辆渡船碰撞事故,交通应急处理案例3.txt,TMP_EVEN_C3825CE0B5,渡船碰撞,Event,new_event_with_expansions,EVT_CASE_AD42D6EE60,渡船碰撞,true,EVT_CASE_AD42D6EE60,渡船碰撞,EVT_TRAFFIC_ACCIDENT,交通事故,EVT_CASE_AD42D6EE60|EVT_TRAFFIC_ACCIDENT,渡船碰撞|交通事故,EVT_TRAFFIC_ACCIDENT,交通事故,,,0.0000,,0.9000,渡船行驶至河中央时，因驾驶员操作不当，渡船与停靠在渡口的另一艘渡船发生碰撞，渡船船体破损，小型货车不慎落水,REVIEW_REQUIRED
003_乡村渡口车辆渡船碰撞事故_a7269e2d,乡村渡口车辆渡船碰撞事故,交通应急处理案例3.txt,TMP_ACTI_2A6795CA11,事故调查,Action,existing_match,MEA_CASE_6933DFD8F9,事故调查,false,,,,,,,,,MEA_CASE_6933DFD8F9,事故调查,1.0000,事故调查,0.7000,依据《内河交通安全管理条例》开展事故调查,AUTO_HIGH
004_高速收费站车辆追尾引发火灾事故_1f1f3d01,高速收费站车辆追尾引发火灾事故,交通应急处理案例3.txt,TMP_EVEN_49B78E1305,车辆追尾,Event,new_event_with_expansions,EVT_CASE_7E4A45E8A0,车辆追尾,true,EVT_CASE_7E4A45E8A0,车辆追尾,EVT_HAZMAT_LEAK|EVT_VEHICLE_BACKLOG|EVT_TRAFFIC_ACCIDENT,危险化学品运输泄漏事件|车辆积压|交通事故,EVT_CASE_7E4A45E8A0|EVT_HAZMAT_LEAK|EVT_VEHICLE_BACKLOG|EVT_TRAFFIC_ACCIDENT,车辆追尾|危险化学品运输泄漏事件|车辆积压|交通事故,EVT_HAZMAT_LEAK|EVT_VEHICLE_BACKLOG|EVT_TRAFFIC_ACCIDENT,危险化学品运输泄漏事件|车辆积压|交通事故,,,0.0000,,0.9000,一辆小型轿车因跟车过近，与前方一辆重型半挂牵引车发生追尾,REVIEW_REQUIRED
004_高速收费站车辆追尾引发火灾事故_1f1f3d01,高速收费站车辆追尾引发火灾事故,交通应急处理案例3.txt,TMP_EVEN_2640E240E0,火灾,Event,new_event,EVT_CASE_091BB1089D,火灾,true,EVT_CASE_091BB1089D,火灾,,,EVT_CASE_091BB1089D,火灾,,,,,0.0000,,0.8500,轿车车头撞击严重并起火,REVIEW_REQUIRED
004_高速收费站车辆追尾引发火灾事故_1f1f3d01,高速收费站车辆追尾引发火灾事故,交通应急处理案例3.txt,TMP_EVEN_5CFD6FF739,柴油泄漏,Event,alias_match,EVT_HAZMAT_LEAK,危险化学品运输泄漏事件,false,EVT_HAZMAT_LEAK,危险化学品运输泄漏事件,,,EVT_HAZMAT_LEAK,危险化学品运输泄漏事件,,,EVT_HAZMAT_LEAK,危险化学品运输泄漏事件,0.1928,柴油泄漏,0.8000,牵引车油箱被撞破损，柴油泄漏,REVIEW_REQUIRED
004_高速收费站车辆追尾引发火灾事故_1f1f3d01,高速收费站车辆追尾引发火灾事故,交通应急处理案例3.txt,TMP_ACTI_D01CDCCF98,应急预案启动,Action,new_entity,MEA_CASE_93A78D3315,应急预案启动,true,,,,,,,,,,,0.7667,,0.7000,收费站工作人员立即启动应急预案,AUTO_MEDIUM
004_高速收费站车辆追尾引发火灾事故_1f1f3d01,高速收费站车辆追尾引发火灾事故,交通应急处理案例3.txt,TMP_ACTI_855B9B4D6F,灭火,Action,new_entity,MEA_CASE_5330B223E5,灭火,true,,,,,,,,,,,0.0000,,0.7500,使用灭火器进行初期灭火，采用泡沫消防车压制火势,REVIEW_REQUIRED
004_高速收费站车辆追尾引发火灾事故_1f1f3d01,高速收费站车辆追尾引发火灾事故,交通应急处理案例3.txt,TMP_ACTI_7A52E4B342,疏散,Action,new_entity,MEA_CASE_1BCFC5476A,疏散,true,,,,,,,,,,,0.8667,,0.7000,疏散站内人员；交警部门封闭收费站入口车道，疏导后方车辆,AUTO_HIGH
004_高速收费站车辆追尾引发火灾事故_1f1f3d01,高速收费站车辆追尾引发火灾事故,交通应急处理案例3.txt,TMP_DEPA_603BBE1EC5,消防救援队伍,Department,existing_match,ORG_CASE_CECFFFD120,消防救援队伍,false,,,,,,,,,ORG_CASE_CECFFFD120,消防救援队伍,1.0000,消防救援队伍,0.8000,消防救援队伍赶赴现场,AUTO_HIGH
005_城市地下车库车辆碰撞起火事故_4670e54d,城市地下车库车辆碰撞起火事故,交通应急处理案例3.txt,TMP_EVEN_5ECAE62F9C,车辆碰撞起火,Event,new_event_with_expansions,EVT_CASE_86B072C171,车辆碰撞起火,true,EVT_CASE_86B072C171,车辆碰撞起火,EVT_LONG_TUNNEL_ACCIDENT,特长隧道安全事故,EVT_CASE_86B072C171|EVT_LONG_TUNNEL_ACCIDENT,车辆碰撞起火|特长隧道安全事故,EVT_LONG_TUNNEL_ACCIDENT,特长隧道安全事故,,,0.0000,,0.9000,一辆小型轿车在倒车入库时，与后方停放的一辆SUV发生碰撞，碰撞导致轿车电路短路引发起火，火势迅速蔓延至周边3辆车辆,REVIEW_REQUIRED
005_城市地下车库车辆碰撞起火事故_4670e54d,城市地下车库车辆碰撞起火事故,交通应急处理案例3.txt,TMP_EVEN_10BD03C227,车辆碰撞,Event,new_event_with_expansions,EVT_CASE_9BDDC88CCC,车辆碰撞,true,EVT_CASE_9BDDC88CCC,车辆碰撞,EVT_TRAFFIC_ACCIDENT,交通事故,EVT_CASE_9BDDC88CCC|EVT_TRAFFIC_ACCIDENT,车辆碰撞|交通事故,EVT_TRAFFIC_ACCIDENT,交通事故,,,0.0000,,0.8000,与后方停放的一辆SUV发生碰撞,REVIEW_REQUIRED
005_城市地下车库车辆碰撞起火事故_4670e54d,城市地下车库车辆碰撞起火事故,交通应急处理案例3.txt,TMP_EVEN_260543E6D2,起火,Event,new_event,EVT_CASE_768E76F1F3,起火,true,EVT_CASE_768E76F1F3,起火,,,EVT_CASE_768E76F1F3,起火,,,,,0.0000,,0.8500,碰撞导致轿车电路短路引发起火,REVIEW_REQUIRED
006_山区隧道群连环追尾事故_2368489c,山区隧道群连环追尾事故,交通应急处理案例3.txt,TMP_EVEN_07759CDBFB,隧道追尾事故,Event,new_event_with_expansions,EVT_CASE_8035ADE77D,隧道追尾事故,true,EVT_CASE_8035ADE77D,隧道追尾事故,EVT_LONG_TUNNEL_ACCIDENT|EVT_ROAD_EMERGENCY|EVT_METEO_ROAD,特长隧道安全事故|公路交通突发事件|公路气象灾害,EVT_CASE_8035ADE77D|EVT_LONG_TUNNEL_ACCIDENT|EVT_ROAD_EMERGENCY|EVT_METEO_ROAD,隧道追尾事故|特长隧道安全事故|公路交通突发事件|公路气象灾害,EVT_LONG_TUNNEL_ACCIDENT|EVT_ROAD_EMERGENCY|EVT_METEO_ROAD,特长隧道安全事故|公路交通突发事件|公路气象灾害,,,0.0000,,0.9000,某山区高速公路隧道群（共3座隧道相连），因突发暴雨，隧道内路面湿滑，一辆重型货车与前方4辆小型轿车、2辆轻型货车发生连环追尾,REVIEW_REQUIRED
006_山区隧道群连环追尾事故_2368489c,山区隧道群连环追尾事故,交通应急处理案例3.txt,TMP_EVEN_80EAC57D22,暴雨,Event,new_event,EVT_RAINSTORM,暴雨,true,EVT_RAINSTORM,暴雨,,,EVT_RAINSTORM,暴雨,,,,,0.0000,,0.8000,突发暴雨,REVIEW_REQUIRED
007_冰雪景区道路客车侧滑事故_2812b623,冰雪景区道路客车侧滑事故,交通应急处理案例3.txt,TMP_EVEN_F77D0B225F,车辆侧滑,Event,new_event_with_expansions,EVT_CASE_F4726E4011,车辆侧滑,true,EVT_CASE_F4726E4011,车辆侧滑,EVT_ROAD_ICE|EVT_VEHICLE_BACKLOG|EVT_TRAFFIC_ACCIDENT,道路积冰|车辆积压|交通事故,EVT_CASE_F4726E4011|EVT_ROAD_ICE|EVT_VEHICLE_BACKLOG|EVT_TRAFFIC_ACCIDENT,车辆侧滑|道路积冰|车辆积压|交通事故,EVT_ROAD_ICE|EVT_VEHICLE_BACKLOG|EVT_TRAFFIC_ACCIDENT,道路积冰|车辆积压|交通事故,,,0.0000,,0.9000,一辆载有28名游客的中型客车，因路面结冰湿滑，在弯道处发生侧滑，碰撞路边防护栏后停在边坡旁,REVIEW_REQUIRED
007_冰雪景区道路客车侧滑事故_2812b623,冰雪景区道路客车侧滑事故,交通应急处理案例3.txt,TMP_EVEN_758FF2100E,道路结冰,Event,new_event,EVT_CASE_71CB098DA9,道路结冰,true,EVT_CASE_71CB098DA9,道路结冰,,,EVT_CASE_71CB098DA9,道路结冰,,,,,0.0000,,0.8500,路面结冰湿滑,REVIEW_REQUIRED
008_暴雨乡村桥梁冲毁交通事故_3bc5860c,暴雨乡村桥梁冲毁交通事故,交通应急处理案例3.txt,TMP_EVEN_996EABC20A,桥梁冲毁,Event,alias_match_with_expansions,EVT_ROAD_DAMAGE,公路损毁,false,EVT_ROAD_DAMAGE,公路损毁,EVT_FLOOD|EVT_TRAFFIC_ACCIDENT,洪水|交通事故,EVT_ROAD_DAMAGE|EVT_FLOOD|EVT_TRAFFIC_ACCIDENT,公路损毁|洪水|交通事故,EVT_ROAD_DAMAGE,公路损毁,EVT_ROAD_DAMAGE,公路损毁,0.0000,公路损毁,0.9000,某乡村山区桥梁，因连续特大暴雨，河水暴涨冲毁桥梁中段,REVIEW_REQUIRED
008_暴雨乡村桥梁冲毁交通事故_3bc5860c,暴雨乡村桥梁冲毁交通事故,交通应急处理案例3.txt,TMP_EVEN_288469C640,暴雨,Event,new_event,EVT_RAINSTORM,暴雨,true,EVT_RAINSTORM,暴雨,,,EVT_RAINSTORM,暴雨,,,,,0.0000,,0.9000,连续特大暴雨,REVIEW_REQUIRED
009_高速服务区维修区车辆碰撞事故_6645cebc,高速服务区维修区车辆碰撞事故,交通应急处理案例3.txt,TMP_EVEN_6A96E5803F,车辆碰撞,Event,new_event_with_expansions,EVT_CASE_9BDDC88CCC,车辆碰撞,true,EVT_CASE_9BDDC88CCC,车辆碰撞,EVT_ROAD_INTERRUPTION|EVT_VEHICLE_BACKLOG|EVT_TRAFFIC_ACCIDENT,公路中断|车辆积压|交通事故,EVT_CASE_9BDDC88CCC|EVT_ROAD_INTERRUPTION|EVT_VEHICLE_BACKLOG|EVT_TRAFFIC_ACCIDENT,车辆碰撞|公路中断|车辆积压|交通事故,EVT_ROAD_INTERRUPTION|EVT_VEHICLE_BACKLOG|EVT_TRAFFIC_ACCIDENT,公路中断|车辆积压|交通事故,,,0.0000,,0.9000,一辆重型货车在维修时，因维修人员操作不当，货车与维修车间内的另一辆货车发生碰撞,REVIEW_REQUIRED
009_高速服务区维修区车辆碰撞事故_6645cebc,高速服务区维修区车辆碰撞事故,交通应急处理案例3.txt,TMP_EVEN_7921C589C0,维修设备损坏,Event,new_event,EVT_CASE_CF4FF9ABBC,维修设备损坏,true,EVT_CASE_CF4FF9ABBC,维修设备损坏,,,EVT_CASE_CF4FF9ABBC,维修设备损坏,,,,,0.0000,,0.7000,碰撞导致车间内维修设备损坏,REVIEW_REQUIRED
010_城市商圈周边道路多车剐蹭事故_6783f6a6,城市商圈周边道路多车剐蹭事故,交通应急处理案例3.txt,TMP_EVEN_75A30A5D03,多车剐蹭,Event,new_event_with_expansions,EVT_CASE_6B0244EB44,多车剐蹭,true,EVT_CASE_6B0244EB44,多车剐蹭,EVT_ROAD_INTERRUPTION|EVT_VEHICLE_BACKLOG|EVT_TRAFFIC_ACCIDENT,公路中断|车辆积压|交通事故,EVT_CASE_6B0244EB44|EVT_ROAD_INTERRUPTION|EVT_VEHICLE_BACKLOG|EVT_TRAFFIC_ACCIDENT,多车剐蹭|公路中断|车辆积压|交通事故,EVT_ROAD_INTERRUPTION|EVT_VEHICLE_BACKLOG|EVT_TRAFFIC_ACCIDENT,公路中断|车辆积压|交通事故,,,0.0000,,0.9000,某城市商圈周边主干道，因节假日车流量激增，一辆小型货车在变道时，与周边3辆小型轿车、1辆电动自行车发生剐蹭,REVIEW_REQUIRED
010_城市商圈周边道路多车剐蹭事故_6783f6a6,城市商圈周边道路多车剐蹭事故,交通应急处理案例3.txt,TMP_ACTI_8FD58500FC,剐蹭,Action,new_entity,MEA_CASE_0FB4540844,剐蹭,true,,,,,,,,,,,0.0000,,0.9500,发生剐蹭,REVIEW_REQUIRED
010_城市商圈周边道路多车剐蹭事故_6783f6a6,城市商圈周边道路多车剐蹭事故,交通应急处理案例3.txt,TMP_RESO_4C03146FF9,小型货车,Resource,new_entity,RES_CASE_8D16A7E2EC,小型货车,true,,,,,,,,,,,0.8100,,0.9000,一辆小型货车,AUTO_HIGH
010_城市商圈周边道路多车剐蹭事故_6783f6a6,城市商圈周边道路多车剐蹭事故,交通应急处理案例3.txt,TMP_RESO_3693DCD301,小型轿车,Resource,existing_match,RES_CASE_70407E27F9,小型轿车,false,,,,,,,,,RES_CASE_70407E27F9,小型轿车,1.0000,小型轿车,0.9000,3辆小型轿车,AUTO_HIGH
010_城市商圈周边道路多车剐蹭事故_6783f6a6,城市商圈周边道路多车剐蹭事故,交通应急处理案例3.txt,TMP_RESO_B268F6EEF6,电动自行车,Resource,existing_match,RES_CASE_8AE47E20B6,电动自行车,false,,,,,,,,,RES_CASE_8AE47E20B6,电动自行车,1.0000,电动自行车,0.9000,1辆电动自行车,AUTO_HIGH
011_山区公路落石阻断救援通道事故_9e199752,山区公路落石阻断救援通道事故,交通应急处理案例3.txt,TMP_EVEN_6192D0C838,落石,Event,alias_match_with_expansions,EVT_CONSTRUCTION_ACCIDENT,公路工程建设事故,false,EVT_CONSTRUCTION_ACCIDENT,公路工程建设事故,EVT_ROAD_EMERGENCY|EVT_PRODUCTION_ACCIDENT|EVT_CONSTRUCTION_SAFETY|EVT_ROAD_INTERRUPTION,公路交通突发事件|公路交通运输生产事故|施工安全事故|公路中断,EVT_CONSTRUCTION_ACCIDENT|EVT_ROAD_EMERGENCY|EVT_PRODUCTION_ACCIDENT|EVT_CONSTRUCTION_SAFETY|EVT_ROAD_INTERRUPTION,公路工程建设事故|公路交通突发事件|公路交通运输生产事故|施工安全事故|公路中断,EVT_CONSTRUCTION_ACCIDENT,公路工程建设事故,EVT_CONSTRUCTION_ACCIDENT,公路工程建设事故,0.0000,公路工程建设事故,0.9000,山体掉落大量石块，落石持续滚落,REVIEW_REQUIRED
011_山区公路落石阻断救援通道事故_9e199752,山区公路落石阻断救援通道事故,交通应急处理案例3.txt,TMP_EVEN_57A24EAEE0,暴雨,Event,alias_match,EVT_RAINSTORM,暴雨,false,EVT_RAINSTORM,暴雨,,,EVT_RAINSTORM,暴雨,,,EVT_RAINSTORM,暴雨,0.1789,暴雨,0.8000,突发暴雨,REVIEW_REQUIRED
012_危化品运输车应急停靠点泄漏事故_8d4da0d4,危化品运输车应急停靠点泄漏事故,交通应急处理案例3.txt,TMP_EVEN_0A82727BD6,危险化学品泄漏,Event,alias_match_with_expansions,EVT_HAZMAT_LEAK,危险化学品运输泄漏事件,false,EVT_HAZMAT_LEAK,危险化学品运输泄漏事件,EVT_HAZMAT_ACCIDENT,危险货物运输事故,EVT_HAZMAT_LEAK|EVT_HAZMAT_ACCIDENT,危险化学品运输泄漏事件|危险货物运输事故,,,EVT_HAZMAT_LEAK,危险化学品运输泄漏事件,0.0000,危险化学品运输泄漏事件,0.9000,一辆装载浓硫酸的罐式危化品运输车，因罐体阀门老化发生泄漏，浓硫酸泄漏至地面,REVIEW_REQUIRED
012_危化品运输车应急停靠点泄漏事故_8d4da0d4,危化品运输车应急停靠点泄漏事故,交通应急处理案例3.txt,TMP_RESO_D9498347E5,浓硫酸,Resource,new_entity,RES_CASE_B90EF464D4,浓硫酸,true,,,,,,,,,,,0.0000,,0.9500,装载浓硫酸的罐式危化品运输车,REVIEW_REQUIRED
012_危化品运输车应急停靠点泄漏事故_8d4da0d4,危化品运输车应急停靠点泄漏事故,交通应急处理案例3.txt,TMP_ACTI_CDF87D3056,泄漏,Action,existing_match,MEA_CASE_B04D39E895,泄漏,false,,,,,,,,,MEA_CASE_B04D39E895,泄漏,1.0000,泄漏,0.8500,因罐体阀门老化发生泄漏,AUTO_HIGH
012_危化品运输车应急停靠点泄漏事故_8d4da0d4,危化品运输车应急停靠点泄漏事故,交通应急处理案例3.txt,TMP_ACTI_A9DBFAACD9,堵漏,Action,existing_match,MEA_CASE_39D13A1B81,堵漏,false,,,,,,,,,MEA_CASE_39D13A1B81,堵漏,1.0000,堵漏,0.8000,对泄漏罐体进行堵漏,AUTO_HIGH
012_危化品运输车应急停靠点泄漏事故_8d4da0d4,危化品运输车应急停靠点泄漏事故,交通应急处理案例3.txt,TMP_ACTI_1764DB68EA,中和,Action,new_entity,MEA_CASE_D469ADC267,中和,true,,,,,,,,,,,0.2347,,0.8000,用中和剂处理泄漏浓硫酸,REVIEW_REQUIRED
013_城市快速路匝道施工事故_6325be8a,城市快速路匝道施工事故,交通应急处理案例3.txt,TMP_EVEN_C8FB3D2454,施工安全事故,Event,alias_match_with_expansions,EVT_CONSTRUCTION_SAFETY,施工安全事故,false,EVT_CONSTRUCTION_SAFETY,施工安全事故,EVT_CONSTRUCTION_ACCIDENT|EVT_TRAFFIC_ACCIDENT,公路工程建设事故|交通事故,EVT_CONSTRUCTION_SAFETY|EVT_CONSTRUCTION_ACCIDENT|EVT_TRAFFIC_ACCIDENT,施工安全事故|公路工程建设事故|交通事故,,,EVT_CONSTRUCTION_SAFETY,施工安全事故,0.0000,施工安全事故,0.9000,某城市快速路匝道施工区域，施工单位在进行路面维修时，因未设置专人疏导，一辆小型轿车不慎闯入施工区域，与施工围挡发生碰撞，围挡倒塌砸中路边1名施工人员，施工区域内有3名施工人员被困。,REVIEW_REQUIRED
013_城市快速路匝道施工事故_6325be8a,城市快速路匝道施工事故,交通应急处理案例3.txt,TMP_ACTI_1F25184BD7,路面维修,Action,new_entity,MEA_CASE_CC6AD1D7DA,路面维修,true,,,,,,,,,,,0.3533,,0.8000,施工单位在进行路面维修时,REVIEW_REQUIRED
013_城市快速路匝道施工事故_6325be8a,城市快速路匝道施工事故,交通应急处理案例3.txt,TMP_RESO_2FA54689B9,施工围挡,Resource,new_entity,RES_CASE_76A0FC9D87,施工围挡,true,,,,,,,,,,,0.4778,,0.9000,与施工围挡发生碰撞，围挡倒塌,AUTO_MEDIUM
014_乡村田间道路拖拉机碰撞事故_649b4404,乡村田间道路拖拉机碰撞事故,交通应急处理案例3.txt,TMP_EVEN_B202F8FF68,拖拉机与电动三轮车碰撞,Event,new_event_with_expansions,EVT_CASE_4322946C4A,拖拉机与电动三轮车碰撞,true,EVT_CASE_4322946C4A,拖拉机与电动三轮车碰撞,EVT_ROAD_INTERRUPTION,公路中断,EVT_CASE_4322946C4A|EVT_ROAD_INTERRUPTION,拖拉机与电动三轮车碰撞|公路中断,EVT_ROAD_INTERRUPTION,公路中断,,,0.0000,,0.9000,某乡村田间土路，一辆无牌拖拉机运输农作物，与一辆电动三轮车发生碰撞，电动三轮车被撞翻,REVIEW_REQUIRED
014_乡村田间道路拖拉机碰撞事故_649b4404,乡村田间道路拖拉机碰撞事故,交通应急处理案例3.txt,TMP_RESO_CCEDED6F70,拖拉机,Resource,new_entity,RES_CASE_C1E4441EF6,拖拉机,true,,,,,,,,,,,0.3533,,0.9500,一辆无牌拖拉机,REVIEW_REQUIRED
014_乡村田间道路拖拉机碰撞事故_649b4404,乡村田间道路拖拉机碰撞事故,交通应急处理案例3.txt,TMP_RESO_C08E5F7096,电动三轮车,Resource,new_entity,RES_CASE_D7EB68391B,电动三轮车,true,,,,,,,,,,,0.6429,,0.9500,一辆电动三轮车,AUTO_MEDIUM
014_乡村田间道路拖拉机碰撞事故_649b4404,乡村田间道路拖拉机碰撞事故,交通应急处理案例3.txt,TMP_ACTI_67C82DADEC,碰撞,Action,existing_match,MEA_CASE_6B219E66DE,碰撞,false,,,,,,,,,MEA_CASE_6B219E66DE,碰撞,1.0000,碰撞,0.9000,发生碰撞,AUTO_HIGH
014_乡村田间道路拖拉机碰撞事故_649b4404,乡村田间道路拖拉机碰撞事故,交通应急处理案例3.txt,TMP_EVEN_0AF3A5F4EB,交通中断,Event,alias_match,EVT_ROAD_INTERRUPTION,公路中断,false,EVT_ROAD_INTERRUPTION,公路中断,,,EVT_ROAD_INTERRUPTION,公路中断,,,EVT_ROAD_INTERRUPTION,公路中断,0.2037,交通中断,0.8000,田间土路交通中断,REVIEW_REQUIRED
015_高速货车服务区检修碰撞事故_e7d53286,高速货车服务区检修碰撞事故,交通应急处理案例3.txt,TMP_EVEN_F15883C20E,车辆溜车碰撞,Event,alias_match_with_expansions,EVT_PRODUCTION_ACCIDENT,公路交通运输生产事故,false,EVT_PRODUCTION_ACCIDENT,公路交通运输生产事故,EVT_TRAFFIC_ACCIDENT,交通事故,EVT_PRODUCTION_ACCIDENT|EVT_TRAFFIC_ACCIDENT,公路交通运输生产事故|交通事故,,,EVT_PRODUCTION_ACCIDENT,公路交通运输生产事故,0.0000,公路交通运输生产事故,0.9000,一辆重型货车在检修刹车时，因车辆未拉手刹发生溜车，与检修区旁的另一辆重型货车发生碰撞,REVIEW_REQUIRED
015_高速货车服务区检修碰撞事故_e7d53286,高速货车服务区检修碰撞事故,交通应急处理案例3.txt,TMP_EVEN_1FFD65E573,车辆碰撞,Event,alias_match,EVT_ROAD_INTERRUPTION,公路中断,false,EVT_ROAD_INTERRUPTION,公路中断,,,EVT_ROAD_INTERRUPTION,公路中断,,,EVT_ROAD_INTERRUPTION,公路中断,0.0590,车辆碰撞行人,0.9500,与检修区旁的另一辆重型货车发生碰撞,REVIEW_REQUIRED
015_高速货车服务区检修碰撞事故_e7d53286,高速货车服务区检修碰撞事故,交通应急处理案例3.txt,TMP_EVEN_70B6A9B1E7,维修设备损坏,Event,new_event,EVT_CASE_CF4FF9ABBC,维修设备损坏,true,EVT_CASE_CF4FF9ABBC,维修设备损坏,,,EVT_CASE_CF4FF9ABBC,维修设备损坏,,,,,0.0000,,0.8500,碰撞导致检修区的维修设备损坏,REVIEW_REQUIRED
016_城市小区地下车库积水事故_b7e69900,城市小区地下车库积水事故,交通应急处理案例3.txt,TMP_EVEN_BBCF12E032,道路积水,Event,alias_match_with_expansions,EVT_METEO_ROAD,公路气象灾害,false,EVT_METEO_ROAD,公路气象灾害,EVT_RAINSTORM,暴雨,EVT_METEO_ROAD|EVT_RAINSTORM,公路气象灾害|暴雨,,,EVT_METEO_ROAD,公路气象灾害,0.0000,公路气象灾害,0.9000,路面积水最深达50厘米，一辆小型轿车驶入积水后熄火,REVIEW_REQUIRED
016_城市小区地下车库积水事故_b7e69900,城市小区地下车库积水事故,交通应急处理案例3.txt,TMP_EVEN_D6529C01D4,暴雨,Event,alias_match,EVT_RAINSTORM,暴雨,false,EVT_RAINSTORM,暴雨,,,EVT_RAINSTORM,暴雨,,,EVT_RAINSTORM,暴雨,0.1784,暴雨,0.8000,因暴雨导致车库排水系统堵塞,REVIEW_REQUIRED
016_城市小区地下车库积水事故_b7e69900,城市小区地下车库积水事故,交通应急处理案例3.txt,TMP_EVEN_DECDC942A1,排水系统堵塞,Event,new_event,EVT_CASE_977FDFD762,排水系统堵塞,true,EVT_CASE_977FDFD762,排水系统堵塞,,,EVT_CASE_977FDFD762,排水系统堵塞,,,,,0.0000,,0.7000,因暴雨导致车库排水系统堵塞,REVIEW_REQUIRED
016_城市小区地下车库积水事故_b7e69900,城市小区地下车库积水事故,交通应急处理案例3.txt,TMP_ACTI_DD77CE1353,排水应急预案,Action,new_entity,MEA_CASE_2BACE2AFD6,排水应急预案,true,,,,,,,,,,,0.7167,,0.7000,小区物业立即启动排水应急预案,AUTO_MEDIUM
016_城市小区地下车库积水事故_b7e69900,城市小区地下车库积水事故,交通应急处理案例3.txt,TMP_RESO_F37A1C0FDD,排水泵,Resource,new_entity,RES_CASE_8CC958EC6D,排水泵,true,,,,,,,,,,,0.4250,,0.7000,调动排水泵排出积水,REVIEW_REQUIRED
017_山区公路雾凇路段车辆侧滑事故_f1b5cc26,山区公路雾凇路段车辆侧滑事故,交通应急处理案例3.txt,TMP_EVEN_562F694DE4,车辆侧滑,Event,new_event_with_expansions,EVT_CASE_F4726E4011,车辆侧滑,true,EVT_CASE_F4726E4011,车辆侧滑,EVT_ROAD_ICE|EVT_ROAD_INTERRUPTION|EVT_TRAFFIC_ACCIDENT,道路积冰|公路中断|交通事故,EVT_CASE_F4726E4011|EVT_ROAD_ICE|EVT_ROAD_INTERRUPTION|EVT_TRAFFIC_ACCIDENT,车辆侧滑|道路积冰|公路中断|交通事故,EVT_ROAD_ICE|EVT_ROAD_INTERRUPTION|EVT_TRAFFIC_ACCIDENT,道路积冰|公路中断|交通事故,,,0.0000,,0.9000,某山区公路雾凇路段，因气温骤降，路面形成雾凇导致湿滑，一辆中型客车行驶中发生侧滑，碰撞路边山体后停在边坡旁,REVIEW_REQUIRED
017_山区公路雾凇路段车辆侧滑事故_f1b5cc26,山区公路雾凇路段车辆侧滑事故,交通应急处理案例3.txt,TMP_EVEN_FE05FA212D,雾凇,Event,new_event,EVT_CASE_7FF0D5B34D,雾凇,true,EVT_CASE_7FF0D5B34D,雾凇,,,EVT_CASE_7FF0D5B34D,雾凇,,,,,0.0000,,0.8000,路面形成雾凇导致湿滑,REVIEW_REQUIRED
018_危化品运输车运输途中罐体受损事故_a4433109,危化品运输车运输途中罐体受损事故,交通应急处理案例3.txt,TMP_EVEN_B4CE97B2F0,危险化学品泄漏,Event,alias_match_with_expansions,EVT_HAZMAT_LEAK,危险化学品运输泄漏事件,false,EVT_HAZMAT_LEAK,危险化学品运输泄漏事件,EVT_HAZMAT_ACCIDENT,危险货物运输事故,EVT_HAZMAT_LEAK|EVT_HAZMAT_ACCIDENT,危险化学品运输泄漏事件|危险货物运输事故,,,EVT_HAZMAT_LEAK,危险化学品运输泄漏事件,0.0000,危险化学品运输泄漏事件,0.9000,一辆装载盐酸的罐式危化品运输车，在行驶中因路面颠簸导致罐体受损，盐酸少量泄漏,REVIEW_REQUIRED
018_危化品运输车运输途中罐体受损事故_a4433109,危化品运输车运输途中罐体受损事故,交通应急处理案例3.txt,TMP_RESO_CF799C9430,盐酸,Resource,new_entity,RES_CASE_1CBB20DD02,盐酸,true,,,,,,,,,,,0.0000,,0.9500,装载盐酸的罐式危化品运输车,REVIEW_REQUIRED
018_危化品运输车运输途中罐体受损事故_a4433109,危化品运输车运输途中罐体受损事故,交通应急处理案例3.txt,TMP_DEPA_1D04B7F7CE,消防救援队伍,Department,existing_match,ORG_CASE_CECFFFD120,消防救援队伍,false,,,,,,,,,ORG_CASE_CECFFFD120,消防救援队伍,1.0000,消防救援队伍,0.8500,协调消防救援队伍携带防化装备赶赴现场,AUTO_HIGH
018_危化品运输车运输途中罐体受损事故_a4433109,危化品运输车运输途中罐体受损事故,交通应急处理案例3.txt,TMP_DEPA_957CC14CE9,环保部门,Department,new_entity,ORG_CASE_7384248773,环保部门,true,,,,,,,,,,,0.5333,,0.8500,环保部门对周边土壤、水源进行采样监测,AUTO_MEDIUM
018_危化品运输车运输途中罐体受损事故_a4433109,危化品运输车运输途中罐体受损事故,交通应急处理案例3.txt,TMP_DEPA_6704C0A07C,交警部门,Department,existing_match,ORG_CASE_C08151231F,交警部门,false,,,,,,,,,ORG_CASE_C08151231F,交警部门,1.0000,交警部门,0.8500,交警部门封闭路段，疏导过往车辆绕行,AUTO_HIGH
018_危化品运输车运输途中罐体受损事故_a4433109,危化品运输车运输途中罐体受损事故,交通应急处理案例3.txt,TMP_ACTI_136230050C,堵漏,Action,existing_match,MEA_CASE_39D13A1B81,堵漏,false,,,,,,,,,MEA_CASE_39D13A1B81,堵漏,1.0000,堵漏,0.8000,对泄漏罐体进行堵漏,AUTO_HIGH
018_危化品运输车运输途中罐体受损事故_a4433109,危化品运输车运输途中罐体受损事故,交通应急处理案例3.txt,TMP_ACTI_7270BFEDC4,中和,Action,new_entity,MEA_CASE_D469ADC267,中和,true,,,,,,,,,,,0.2347,,0.8000,用石灰中和泄漏盐酸,REVIEW_REQUIRED
018_危化品运输车运输途中罐体受损事故_a4433109,危化品运输车运输途中罐体受损事故,交通应急处理案例3.txt,TMP_ACTI_9064D28A65,采样监测,Action,new_entity,MEA_CASE_87C818ACA4,采样监测,true,,,,,,,,,,,0.2223,,0.8000,对周边土壤、水源进行采样监测,REVIEW_REQUIRED
018_危化品运输车运输途中罐体受损事故_a4433109,危化品运输车运输途中罐体受损事故,交通应急处理案例3.txt,TMP_ACTI_11C2EEAEC0,疏导,Action,new_entity,MEA_CASE_B804A6CFD8,疏导,true,,,,,,,,,,,0.8667,,0.8000,疏导过往车辆绕行,AUTO_HIGH
020_连霍高速洛阳段货车侧翻货物散落事故_b2d03a8f,连霍高速洛阳段货车侧翻货物散落事故,交通应急处理案例3.txt,TMP_EVEN_E8B9E9EC5F,车辆侧翻,Event,new_event_with_expansions,EVT_CASE_9CC62EF2EB,车辆侧翻,true,EVT_CASE_9CC62EF2EB,车辆侧翻,EVT_VEHICLE_BACKLOG|EVT_ROAD_INTERRUPTION|EVT_TRAFFIC_ACCIDENT,车辆积压|公路中断|交通事故,EVT_CASE_9CC62EF2EB|EVT_VEHICLE_BACKLOG|EVT_ROAD_INTERRUPTION|EVT_TRAFFIC_ACCIDENT,车辆侧翻|车辆积压|公路中断|交通事故,EVT_VEHICLE_BACKLOG|EVT_ROAD_INTERRUPTION|EVT_TRAFFIC_ACCIDENT,车辆积压|公路中断|交通事故,,,0.0000,,0.9000,连霍高速洛阳段K682公里处，一辆装载瓷砖的重型货车，因驾驶员操作不当，在高速出口匝道处发生侧翻,REVIEW_REQUIRED
020_连霍高速洛阳段货车侧翻货物散落事故_b2d03a8f,连霍高速洛阳段货车侧翻货物散落事故,交通应急处理案例3.txt,TMP_EVEN_6D2E211527,车辆积压,Event,alias_match,EVT_VEHICLE_BACKLOG,车辆积压,false,EVT_VEHICLE_BACKLOG,车辆积压,,,EVT_VEHICLE_BACKLOG,车辆积压,,,EVT_VEHICLE_BACKLOG,车辆积压,0.1930,车辆滞留,0.7000,事故路段单向交通拥堵，后方车辆滞留约5公里,REVIEW_REQUIRED
021_城市主干道公交车与电动车碰撞事故_a4b4dfcf,城市主干道公交车与电动车碰撞事故,交通应急处理案例3.txt,TMP_EVEN_76FF157AC4,道路交通事故,Event,alias_match_with_expansions,EVT_TRAFFIC_ACCIDENT,交通事故,false,EVT_TRAFFIC_ACCIDENT,交通事故,EVT_ROAD_EMERGENCY,公路交通突发事件,EVT_TRAFFIC_ACCIDENT|EVT_ROAD_EMERGENCY,交通事故|公路交通突发事件,,,EVT_TRAFFIC_ACCIDENT,交通事故,0.0000,交通事故,0.9000,某市繁华主干道交叉路口，一辆公交车在绿灯通行时，与闯红灯的电动自行车发生碰撞,REVIEW_REQUIRED
021_城市主干道公交车与电动车碰撞事故_a4b4dfcf,城市主干道公交车与电动车碰撞事故,交通应急处理案例3.txt,TMP_ACTI_EA7F8410D9,闯红灯,Action,existing_match,MEA_CASE_CF67B7CA0F,闯红灯,false,,,,,,,,,MEA_CASE_CF67B7CA0F,闯红灯,1.0000,闯红灯,0.8000,闯红灯,AUTO_HIGH
021_城市主干道公交车与电动车碰撞事故_a4b4dfcf,城市主干道公交车与电动车碰撞事故,交通应急处理案例3.txt,TMP_ACTI_EA7A1BC6A5,疏导,Action,new_entity,MEA_CASE_B804A6CFD8,疏导,true,,,,,,,,,,,0.8667,,0.7000,疏导过往车辆绕行,AUTO_HIGH
022_山区公路滑坡阻断交通事故_63a86176,山区公路滑坡阻断交通事故,交通应急处理案例3.txt,TMP_EVEN_BBE31A884F,道路滑坡,Event,alias_match_with_expansions,EVT_ROAD_DAMAGE,公路损毁,false,EVT_ROAD_DAMAGE,公路损毁,EVT_METEO_ROAD|EVT_ROAD_BLOCKAGE,公路气象灾害|公路阻塞,EVT_ROAD_DAMAGE|EVT_METEO_ROAD|EVT_ROAD_BLOCKAGE,公路损毁|公路气象灾害|公路阻塞,,,EVT_ROAD_DAMAGE,公路损毁,0.0000,公路损毁,0.9000,某山区三级公路，因连续多日降雨，山体发生小型滑坡，大量泥土、石块滚落至路面，将整个道路完全阻断,REVIEW_REQUIRED
022_山区公路滑坡阻断交通事故_63a86176,山区公路滑坡阻断交通事故,交通应急处理案例3.txt,TMP_DEPA_5427AA3D86,交警部门,Department,existing_match,ORG_CASE_C08151231F,交警部门,false,,,,,,,,,ORG_CASE_C08151231F,交警部门,1.0000,交警部门,0.8500,交警部门在滑坡路段两端设置警戒,AUTO_HIGH
022_山区公路滑坡阻断交通事故_63a86176,山区公路滑坡阻断交通事故,交通应急处理案例3.txt,TMP_ACTI_528344EC95,警戒,Action,new_entity,MEA_CASE_A985295656,警戒,true,,,,,,,,,,,0.6833,,0.7000,交警部门在滑坡路段两端设置警戒,AUTO_MEDIUM
023_高速服务区车辆起火事故_dac6bbf7,高速服务区车辆起火事故,交通应急处理案例3.txt,TMP_EVEN_0A67B02D58,车辆起火,Event,new_event_with_expansions,EVT_CASE_09C02D083D,车辆起火,true,EVT_CASE_09C02D083D,车辆起火,EVT_LONG_TUNNEL_ACCIDENT|EVT_VEHICLE_BACKLOG|EVT_TRAFFIC_ACCIDENT,特长隧道安全事故|车辆积压|交通事故,EVT_CASE_09C02D083D|EVT_LONG_TUNNEL_ACCIDENT|EVT_VEHICLE_BACKLOG|EVT_TRAFFIC_ACCIDENT,车辆起火|特长隧道安全事故|车辆积压|交通事故,EVT_LONG_TUNNEL_ACCIDENT|EVT_VEHICLE_BACKLOG|EVT_TRAFFIC_ACCIDENT,特长隧道安全事故|车辆积压|交通事故,,,0.0000,,0.9800,一辆小型轿车在停车场内充电时，因电池短路引发起火，火势迅速蔓延至车辆全身,REVIEW_REQUIRED
023_高速服务区车辆起火事故_dac6bbf7,高速服务区车辆起火事故,交通应急处理案例3.txt,TMP_ACTI_525573E586,电池短路,Action,new_entity,MEA_CASE_5E9CDA061E,电池短路,true,,,,,,,,,,,0.8250,,0.9000,因电池短路引发起火,AUTO_HIGH
024_危化品运输车与私家车碰撞泄漏事故_9a2ba735,危化品运输车与私家车碰撞泄漏事故,交通应急处理案例3.txt,TMP_EVEN_A88351F363,危险化学品泄漏事故,Event,alias_match_with_expansions,EVT_HAZMAT_LEAK,危险化学品运输泄漏事件,false,EVT_HAZMAT_LEAK,危险化学品运输泄漏事件,EVT_HAZMAT_ACCIDENT|EVT_TRAFFIC_ACCIDENT,危险货物运输事故|交通事故,EVT_HAZMAT_LEAK|EVT_HAZMAT_ACCIDENT|EVT_TRAFFIC_ACCIDENT,危险化学品运输泄漏事件|危险货物运输事故|交通事故,,,EVT_HAZMAT_LEAK,危险化学品运输泄漏事件,0.0000,危险化学品运输泄漏事件,0.9000,危化品运输罐体轻微破损，液态氨少量泄漏，产生白色烟雾，现场气味刺鼻,REVIEW_REQUIRED
024_危化品运输车与私家车碰撞泄漏事故_9a2ba735,危化品运输车与私家车碰撞泄漏事故,交通应急处理案例3.txt,TMP_RESO_4C8B6B77EB,液态氨,Resource,existing_match,RES_CASE_752564BE64,液态氨,false,,,,,,,,,RES_CASE_752564BE64,液态氨,1.0000,液态氨,0.9500,装载液态氨的罐式危化品运输车，液态氨少量泄漏,AUTO_HIGH
024_危化品运输车与私家车碰撞泄漏事故_9a2ba735,危化品运输车与私家车碰撞泄漏事故,交通应急处理案例3.txt,TMP_RESO_700248C381,私家车,Resource,existing_match,RES_CASE_E88979D653,私家车,false,,,,,,,,,RES_CASE_E88979D653,私家车,1.0000,私家车,0.9000,与一辆逆行的私家车发生正面碰撞,AUTO_HIGH
024_危化品运输车与私家车碰撞泄漏事故_9a2ba735,危化品运输车与私家车碰撞泄漏事故,交通应急处理案例3.txt,TMP_ACTI_ED63067955,正面碰撞,Action,existing_match,MEA_CASE_6BA428A393,正面碰撞,false,,,,,,,,,MEA_CASE_6BA428A393,正面碰撞,1.0000,正面碰撞,0.8500,与一辆逆行的私家车发生正面碰撞,AUTO_HIGH
024_危化品运输车与私家车碰撞泄漏事故_9a2ba735,危化品运输车与私家车碰撞泄漏事故,交通应急处理案例3.txt,TMP_ACTI_71AC0E24B9,堵漏,Action,existing_match,MEA_CASE_39D13A1B81,堵漏,false,,,,,,,,,MEA_CASE_39D13A1B81,堵漏,1.0000,堵漏,0.7500,对泄漏点进行堵漏,AUTO_HIGH
024_危化品运输车与私家车碰撞泄漏事故_9a2ba735,危化品运输车与私家车碰撞泄漏事故,交通应急处理案例3.txt,TMP_ACTI_8E8AD055EE,稀释,Action,existing_match,MEA_CASE_00EC36C353,稀释,false,,,,,,,,,MEA_CASE_00EC36C353,稀释,1.0000,稀释,0.7500,稀释泄漏的液态氨,AUTO_HIGH
024_危化品运输车与私家车碰撞泄漏事故_9a2ba735,危化品运输车与私家车碰撞泄漏事故,交通应急处理案例3.txt,TMP_ACTI_D2763B16EB,转运,Action,existing_match,MEA_CASE_F9A9A6FAD1,转运,false,,,,,,,,,MEA_CASE_F9A9A6FAD1,转运,1.0000,转运,0.7500,对剩余液态氨进行安全转运,AUTO_HIGH
025_城市快速路多车追尾事故_91cf4a2e,城市快速路多车追尾事故,交通应急处理案例3.txt,TMP_EVEN_0F143CFB76,多车追尾,Event,new_event_with_expansions,EVT_CASE_2694273A46,多车追尾,true,EVT_CASE_2694273A46,多车追尾,EVT_VEHICLE_BACKLOG|EVT_ROAD_INTERRUPTION|EVT_TRAFFIC_ACCIDENT,车辆积压|公路中断|交通事故,EVT_CASE_2694273A46|EVT_VEHICLE_BACKLOG|EVT_ROAD_INTERRUPTION|EVT_TRAFFIC_ACCIDENT,多车追尾|车辆积压|公路中断|交通事故,EVT_VEHICLE_BACKLOG|EVT_ROAD_INTERRUPTION|EVT_TRAFFIC_ACCIDENT,车辆积压|公路中断|交通事故,,,0.0000,,0.9000,一辆小型轿车因急刹车，导致后方5辆轿车、2辆SUV发生连环追尾,REVIEW_REQUIRED
025_城市快速路多车追尾事故_91cf4a2e,城市快速路多车追尾事故,交通应急处理案例3.txt,TMP_EVEN_A39EA2019A,车辆积压,Event,new_event,EVT_VEHICLE_BACKLOG,车辆积压,true,EVT_VEHICLE_BACKLOG,车辆积压,,,EVT_VEHICLE_BACKLOG,车辆积压,,,,,0.0000,,0.8000,后方车辆滞留约6公里，早高峰通勤受到严重影响,REVIEW_REQUIRED
025_城市快速路多车追尾事故_91cf4a2e,城市快速路多车追尾事故,交通应急处理案例3.txt,TMP_EVEN_DE7222EF63,油路泄漏,Event,new_event,EVT_CASE_5DC52E598D,油路泄漏,true,EVT_CASE_5DC52E598D,油路泄漏,,,EVT_CASE_5DC52E598D,油路泄漏,,,,,0.0000,,0.7000,部分车辆因碰撞出现油路泄漏，存在起火风险,REVIEW_REQUIRED
026_乡村道路拖拉机与行人碰撞事故_7fd0535a,乡村道路拖拉机与行人碰撞事故,交通应急处理案例3.txt,TMP_EVEN_8212177D40,车辆碰撞行人,Event,new_event_with_expansions,EVT_CASE_CEA9425D82,车辆碰撞行人,true,EVT_CASE_CEA9425D82,车辆碰撞行人,EVT_ROAD_EMERGENCY,公路交通突发事件,EVT_CASE_CEA9425D82|EVT_ROAD_EMERGENCY,车辆碰撞行人|公路交通突发事件,EVT_ROAD_EMERGENCY,公路交通突发事件,,,0.0000,,0.9000,某乡村土路，一辆无牌拖拉机装载农作物，因驾驶员未观察前方路况，行驶中与路边行走的2名老人发生碰撞，老人被撞倒在地,REVIEW_REQUIRED
026_乡村道路拖拉机与行人碰撞事故_7fd0535a,乡村道路拖拉机与行人碰撞事故,交通应急处理案例3.txt,TMP_ACTI_7AC7AB99BA,碰撞,Action,existing_match,MEA_CASE_6B219E66DE,碰撞,false,,,,,,,,,MEA_CASE_6B219E66DE,碰撞,1.0000,碰撞,0.9000,发生碰撞，老人被撞倒在地,AUTO_HIGH
027_隧道内车辆起火浓烟封堵事故_2ff59dd3,隧道内车辆起火浓烟封堵事故,交通应急处理案例3.txt,TMP_EVEN_96E98E4DCE,车辆起火,Event,new_event_with_expansions,EVT_CASE_09C02D083D,车辆起火,true,EVT_CASE_09C02D083D,车辆起火,EVT_LONG_TUNNEL_ACCIDENT|EVT_VEHICLE_BACKLOG|EVT_TRAFFIC_ACCIDENT,特长隧道安全事故|车辆积压|交通事故,EVT_CASE_09C02D083D|EVT_LONG_TUNNEL_ACCIDENT|EVT_VEHICLE_BACKLOG|EVT_TRAFFIC_ACCIDENT,车辆起火|特长隧道安全事故|车辆积压|交通事故,EVT_LONG_TUNNEL_ACCIDENT|EVT_VEHICLE_BACKLOG|EVT_TRAFFIC_ACCIDENT,特长隧道安全事故|车辆积压|交通事故,,,0.0000,,0.9000,一辆大型货车行驶至隧道中段时，因刹车失灵引发车辆起火，火势迅速蔓延，产生大量浓烟，封堵整个隧道,REVIEW_REQUIRED
027_隧道内车辆起火浓烟封堵事故_2ff59dd3,隧道内车辆起火浓烟封堵事故,交通应急处理案例3.txt,TMP_RESO_13EC4282AE,隧道,Resource,new_entity,RES_CASE_42E3A09DF1,隧道,true,,,,,,,,,,,0.0000,,0.9000,某山区隧道（长1800米），一辆大型货车行驶至隧道中段时,REVIEW_REQUIRED
027_隧道内车辆起火浓烟封堵事故_2ff59dd3,隧道内车辆起火浓烟封堵事故,交通应急处理案例3.txt,TMP_DEPA_558115E2B6,交警部门,Department,existing_match,ORG_CASE_C08151231F,交警部门,false,,,,,,,,,ORG_CASE_C08151231F,交警部门,1.0000,交警部门,0.8500,交警部门在隧道出入口设置警戒,AUTO_HIGH
027_隧道内车辆起火浓烟封堵事故_2ff59dd3,隧道内车辆起火浓烟封堵事故,交通应急处理案例3.txt,TMP_ACTI_0CF54A1140,排烟通风,Action,existing_match,MEA_CASE_7B049C8E34,排烟通风,false,,,,,,,,,MEA_CASE_7B049C8E34,排烟通风,1.0000,排烟通风,0.8000,开展排烟通风、灭火救援,AUTO_HIGH
027_隧道内车辆起火浓烟封堵事故_2ff59dd3,隧道内车辆起火浓烟封堵事故,交通应急处理案例3.txt,TMP_ACTI_F7FAB570A5,灭火救援,Action,new_entity,MEA_CASE_A22F8BD834,灭火救援,true,,,,,,,,,,,0.8667,,0.8000,开展排烟通风、灭火救援,AUTO_HIGH
027_隧道内车辆起火浓烟封堵事故_2ff59dd3,隧道内车辆起火浓烟封堵事故,交通应急处理案例3.txt,TMP_ACTI_4E70DA547E,警戒,Action,new_entity,MEA_CASE_A985295656,警戒,true,,,,,,,,,,,0.6833,,0.7500,交警部门在隧道出入口设置警戒,AUTO_MEDIUM
027_隧道内车辆起火浓烟封堵事故_2ff59dd3,隧道内车辆起火浓烟封堵事故,交通应急处理案例3.txt,TMP_ACTI_33F96C29C1,疏导交通,Action,existing_match,MEA_CASE_2216349A64,疏导交通,false,,,,,,,,,MEA_CASE_2216349A64,疏导交通,1.0000,疏导交通,0.7500,疏导周边交通,AUTO_HIGH
028_暴雨引发道路塌陷交通事故_f50e7896,暴雨引发道路塌陷交通事故,交通应急处理案例3.txt,TMP_EVEN_29FD7DA46E,道路塌陷,Event,alias_match_with_expansions,EVT_ROAD_DAMAGE,公路损毁,false,EVT_ROAD_DAMAGE,公路损毁,EVT_TRAFFIC_ACCIDENT|EVT_ROAD_INTERRUPTION|EVT_RAINSTORM,交通事故|公路中断|暴雨,EVT_ROAD_DAMAGE|EVT_TRAFFIC_ACCIDENT|EVT_ROAD_INTERRUPTION|EVT_RAINSTORM,公路损毁|交通事故|公路中断|暴雨,,,EVT_ROAD_DAMAGE,公路损毁,0.0000,公路损毁,0.9000,路面出现长度5米、宽度3米、深度1.5米的塌陷坑，一辆小型轿车不慎驶入塌陷坑,REVIEW_REQUIRED
028_暴雨引发道路塌陷交通事故_f50e7896,暴雨引发道路塌陷交通事故,交通应急处理案例3.txt,TMP_EVEN_D88D153DE2,暴雨,Event,new_event,EVT_RAINSTORM,暴雨,true,EVT_RAINSTORM,暴雨,,,EVT_RAINSTORM,暴雨,,,,,0.0000,,0.8500,突发暴雨,REVIEW_REQUIRED
028_暴雨引发道路塌陷交通事故_f50e7896,暴雨引发道路塌陷交通事故,交通应急处理案例3.txt,TMP_ACTI_91C4856EEC,救援,Action,existing_match,MEA_CASE_4DEF057716,救援,false,,,,,,,,,MEA_CASE_4DEF057716,救援,1.0000,救援,0.7500,使用救援装备，将被困人员从车内解救出来,AUTO_HIGH
029_高速货车与护栏碰撞燃油泄漏事故_ae8b8317,高速货车与护栏碰撞燃油泄漏事故,交通应急处理案例3.txt,TMP_EVEN_3E44ADC377,危险化学品运输泄漏事件,Event,alias_match_with_expansions,EVT_HAZMAT_LEAK,危险化学品运输泄漏事件,false,EVT_HAZMAT_LEAK,危险化学品运输泄漏事件,EVT_TRAFFIC_ACCIDENT,交通事故,EVT_HAZMAT_LEAK|EVT_TRAFFIC_ACCIDENT,危险化学品运输泄漏事件|交通事故,,,EVT_HAZMAT_LEAK,危险化学品运输泄漏事件,0.0000,危险化学品运输泄漏事件,0.9000,货车油箱破损，柴油持续泄漏，路面被柴油覆盖,REVIEW_REQUIRED
029_高速货车与护栏碰撞燃油泄漏事故_ae8b8317,高速货车与护栏碰撞燃油泄漏事故,交通应急处理案例3.txt,TMP_ACTI_4D94490D8D,疲劳驾驶,Action,existing_match,MEA_CASE_A6CD658948,驾驶员疲劳驾驶,false,,,,,,,,,MEA_CASE_A6CD658948,驾驶员疲劳驾驶,0.9573,驾驶员疲劳驾驶,0.8000,因驾驶员疲劳驾驶,AUTO_HIGH
030_城市路口货车闯红灯撞人事故_bb08dee8,城市路口货车闯红灯撞人事故,交通应急处理案例3.txt,TMP_EVEN_191F4E314F,闯红灯交通事故,Event,new_event_with_expansions,EVT_CASE_6B445BB3BF,闯红灯交通事故,true,EVT_CASE_6B445BB3BF,闯红灯交通事故,EVT_TRAFFIC_ACCIDENT,交通事故,EVT_CASE_6B445BB3BF|EVT_TRAFFIC_ACCIDENT,闯红灯交通事故|交通事故,EVT_TRAFFIC_ACCIDENT,交通事故,,,0.0000,,0.9000,一辆重型货车闯红灯行驶，与正在过马路的2名行人、1辆电动自行车发生碰撞,REVIEW_REQUIRED
030_城市路口货车闯红灯撞人事故_bb08dee8,城市路口货车闯红灯撞人事故,交通应急处理案例3.txt,TMP_ACTI_C25641FCF8,闯红灯,Action,existing_match,MEA_CASE_CF67B7CA0F,闯红灯,false,,,,,,,,,MEA_CASE_CF67B7CA0F,闯红灯,1.0000,闯红灯,0.9500,一辆重型货车闯红灯行驶,AUTO_HIGH
030_城市路口货车闯红灯撞人事故_bb08dee8,城市路口货车闯红灯撞人事故,交通应急处理案例3.txt,TMP_EVEN_CD7D9A3E21,车辆积压,Event,alias_match,EVT_VEHICLE_BACKLOG,车辆积压,false,EVT_VEHICLE_BACKLOG,车辆积压,,,EVT_VEHICLE_BACKLOG,车辆积压,,,EVT_VEHICLE_BACKLOG,车辆积压,0.1941,车辆滞留,0.7000,路口双向交通严重拥堵，周边多个路口出现车辆滞留,REVIEW_REQUIRED
031_山区公路客车坠崖事故_8922caf2,山区公路客车坠崖事故,交通应急处理案例3.txt,TMP_EVEN_EA5DADA8F5,客车坠崖,Event,new_event_with_expansions,EVT_CASE_D11990E045,客车坠崖,true,EVT_CASE_D11990E045,客车坠崖,EVT_ROAD_INTERRUPTION,公路中断,EVT_CASE_D11990E045|EVT_ROAD_INTERRUPTION,客车坠崖|公路中断,EVT_ROAD_INTERRUPTION,公路中断,,,0.0000,,0.9000,一辆载有15名乘客的中型客车，因驾驶员超速行驶，在急转弯处失控冲出路面，坠入约30米深的山崖,REVIEW_REQUIRED
031_山区公路客车坠崖事故_8922caf2,山区公路客车坠崖事故,交通应急处理案例3.txt,TMP_ACTI_44A3FC7A38,超速行驶,Action,existing_match,MEA_CASE_0B78E0C051,超速行驶,false,,,,,,,,,MEA_CASE_0B78E0C051,超速行驶,1.0000,超速行驶,0.8000,因驾驶员超速行驶,AUTO_HIGH
031_山区公路客车坠崖事故_8922caf2,山区公路客车坠崖事故,交通应急处理案例3.txt,TMP_EVEN_2680F58460,公路中断,Event,alias_match,EVT_ROAD_INTERRUPTION,公路中断,false,EVT_ROAD_INTERRUPTION,公路中断,,,EVT_ROAD_INTERRUPTION,公路中断,,,EVT_ROAD_INTERRUPTION,公路中断,0.1960,交通中断,0.7000,事故路段双向交通中断,REVIEW_REQUIRED
032_大雾天气乡村道路交通事故_a8b00b5a,大雾天气乡村道路交通事故,交通应急处理案例3.txt,TMP_EVEN_DBBE332782,大雾,Event,new_event,EVT_HEAVY_FOG,大雾,true,EVT_HEAVY_FOG,大雾,,,EVT_HEAVY_FOG,大雾,,,,,0.0000,,0.8500,因突发大雾，能见度不足30米,REVIEW_REQUIRED
032_大雾天气乡村道路交通事故_a8b00b5a,大雾天气乡村道路交通事故,交通应急处理案例3.txt,TMP_RESO_01E2760584,液压扩张器,Resource,new_entity,RES_CASE_EF8A921669,液压扩张器,true,,,,,,,,,,,0.2643,,0.7500,使用液压扩张器等装备,REVIEW_REQUIRED
032_大雾天气乡村道路交通事故_a8b00b5a,大雾天气乡村道路交通事故,交通应急处理案例3.txt,TMP_ACTI_ACC54CB28B,疏散,Action,new_entity,MEA_CASE_1BCFC5476A,疏散,true,,,,,,,,,,,0.8667,,0.7000,设置警戒标志，疏散过往车辆和群众,AUTO_HIGH
032_大雾天气乡村道路交通事故_a8b00b5a,大雾天气乡村道路交通事故,交通应急处理案例3.txt,TMP_ACTI_49FEB4162C,解救,Action,existing_match,MEA_CASE_CEEE944B99,解救,false,,,,,,,,,MEA_CASE_CEEE944B99,解救,1.0000,解救,0.7000,使用液压扩张器等装备，将被压骑行者解救出来,AUTO_HIGH
033_高速危化品车罐体爆炸事故_f7b8552f,高速危化品车罐体爆炸事故,交通应急处理案例3.txt,TMP_EVEN_C13DFAD3A7,危化品车罐体爆炸,Event,alias_match_with_expansions,EVT_HAZMAT_LEAK,危险化学品运输泄漏事件,false,EVT_HAZMAT_LEAK,危险化学品运输泄漏事件,EVT_HAZMAT_ACCIDENT|EVT_TRAFFIC_ACCIDENT,危险货物运输事故|交通事故,EVT_HAZMAT_LEAK|EVT_HAZMAT_ACCIDENT|EVT_TRAFFIC_ACCIDENT,危险化学品运输泄漏事件|危险货物运输事故|交通事故,EVT_HAZMAT_LEAK,危险化学品运输泄漏事件,EVT_HAZMAT_LEAK,危险化学品运输泄漏事件,0.0000,危险化学品运输泄漏事件,0.9800,一辆装载液化石油气的罐式危化品运输车，因与前方一辆重型货车发生追尾，罐体严重破损，引发液化石油气泄漏，遇明火发生爆炸,REVIEW_REQUIRED
033_高速危化品车罐体爆炸事故_f7b8552f,高速危化品车罐体爆炸事故,交通应急处理案例3.txt,TMP_EVEN_A2655D0F90,爆炸,Event,new_event,EVT_CASE_F5EC6BBB9F,爆炸,true,EVT_CASE_F5EC6BBB9F,爆炸,,,EVT_CASE_F5EC6BBB9F,爆炸,,,,,0.0000,,0.9500,罐体严重破损，引发液化石油气泄漏，遇明火发生爆炸,REVIEW_REQUIRED
033_高速危化品车罐体爆炸事故_f7b8552f,高速危化品车罐体爆炸事故,交通应急处理案例3.txt,TMP_EVEN_935DA7460D,液化石油气泄漏,Event,new_event,EVT_CASE_6659D5359D,液化石油气泄漏,true,EVT_CASE_6659D5359D,液化石油气泄漏,,,EVT_CASE_6659D5359D,液化石油气泄漏,,,,,0.0000,,0.9000,罐体严重破损，引发液化石油气泄漏,REVIEW_REQUIRED
034_城市小区门口车辆碰撞儿童事故_50ca750e,城市小区门口车辆碰撞儿童事故,交通应急处理案例3.txt,TMP_EVEN_04C8187E3F,车辆碰撞行人,Event,alias_match_with_expansions,EVT_ROAD_EMERGENCY,公路交通突发事件,false,EVT_ROAD_EMERGENCY,公路交通突发事件,EVT_TRAFFIC_ACCIDENT,交通事故,EVT_ROAD_EMERGENCY|EVT_TRAFFIC_ACCIDENT,公路交通突发事件|交通事故,,,EVT_ROAD_EMERGENCY,公路交通突发事件,0.0000,公路交通突发事件,0.9000,一辆小型轿车在驶出小区时，因驾驶员未观察前方路况，与正在小区门口玩耍的2名儿童发生碰撞,REVIEW_REQUIRED
034_城市小区门口车辆碰撞儿童事故_50ca750e,城市小区门口车辆碰撞儿童事故,交通应急处理案例3.txt,TMP_ACTI_29B66E5C95,报警,Action,new_entity,MEA_CASE_B396D82FB5,报警,true,,,,,,,,,,,0.2643,,0.6000,拨打122报警,REVIEW_REQUIRED
035_桥梁施工坠落事故_fac4dd46,桥梁施工坠落事故,交通应急处理案例3.txt,TMP_EVEN_80C22E3047,桥梁车辆坠江,Event,alias_match_with_expansions,EVT_PRODUCTION_ACCIDENT,公路交通运输生产事故,false,EVT_PRODUCTION_ACCIDENT,公路交通运输生产事故,EVT_ROAD_DAMAGE|EVT_CONSTRUCTION_ACCIDENT,公路损毁|公路工程建设事故,EVT_PRODUCTION_ACCIDENT|EVT_ROAD_DAMAGE|EVT_CONSTRUCTION_ACCIDENT,公路交通运输生产事故|公路损毁|公路工程建设事故,,,EVT_PRODUCTION_ACCIDENT,公路交通运输生产事故,0.0000,公路交通运输生产事故,0.9000,一辆施工工程车在桥面行驶时，因操作不当，从桥梁一侧坠落至江面,REVIEW_REQUIRED
035_桥梁施工坠落事故_fac4dd46,桥梁施工坠落事故,交通应急处理案例3.txt,TMP_EVEN_320CA90BA6,漏油,Event,new_event,EVT_CASE_31F3DC21BE,漏油,true,EVT_CASE_31F3DC21BE,漏油,,,EVT_CASE_31F3DC21BE,漏油,,,,,0.0000,,0.6000,坠入江面后有漏油现象,REVIEW_REQUIRED
036_冰雪路面乡村道路多车碰撞事故_4b49398a,冰雪路面乡村道路多车碰撞事故,交通应急处理案例3.txt,TMP_EVEN_E2DEF14DF6,车辆侧滑碰撞,Event,new_event_with_expansions,EVT_CASE_51C41B32E7,车辆侧滑碰撞,true,EVT_CASE_51C41B32E7,车辆侧滑碰撞,EVT_ROAD_ICE|EVT_TRAFFIC_ACCIDENT,道路积冰|交通事故,EVT_CASE_51C41B32E7|EVT_ROAD_ICE|EVT_TRAFFIC_ACCIDENT,车辆侧滑碰撞|道路积冰|交通事故,EVT_ROAD_ICE|EVT_TRAFFIC_ACCIDENT,道路积冰|交通事故,,,0.0000,,0.9000,一辆小型轿车行驶中发生侧滑，与对面行驶的一辆拖拉机、一辆电动自行车发生碰撞,REVIEW_REQUIRED
036_冰雪路面乡村道路多车碰撞事故_4b49398a,冰雪路面乡村道路多车碰撞事故,交通应急处理案例3.txt,TMP_EVEN_0B77ADB8A3,道路积冰,Event,alias_match,EVT_ROAD_ICE,道路积冰,false,EVT_ROAD_ICE,道路积冰,,,EVT_ROAD_ICE,道路积冰,,,EVT_ROAD_ICE,道路积冰,0.1947,路面结冰,0.9500,因夜间气温骤降，路面结冰,REVIEW_REQUIRED
036_冰雪路面乡村道路多车碰撞事故_4b49398a,冰雪路面乡村道路多车碰撞事故,交通应急处理案例3.txt,TMP_ACTI_7C68D99C4A,车辆侧滑,Action,existing_match,MEA_CASE_7719C4F54E,车辆侧滑,false,,,,,,,,,MEA_CASE_7719C4F54E,车辆侧滑,1.0000,车辆侧滑,0.9000,一辆小型轿车行驶中发生侧滑,AUTO_HIGH
036_冰雪路面乡村道路多车碰撞事故_4b49398a,冰雪路面乡村道路多车碰撞事故,交通应急处理案例3.txt,TMP_RESO_BF96178645,小型轿车,Resource,existing_match,RES_CASE_70407E27F9,小型轿车,false,,,,,,,,,RES_CASE_70407E27F9,小型轿车,1.0000,小型轿车,0.8000,一辆小型轿车,AUTO_HIGH
037_高速服务区加油站起火事故_b0ce6eb0,高速服务区加油站起火事故,交通应急处理案例3.txt,TMP_EVEN_08FAB05D04,加油站火灾,Event,new_event_with_expansions,EVT_CASE_6F7A2A4A6F,加油站火灾,true,EVT_CASE_6F7A2A4A6F,加油站火灾,EVT_TRAFFIC_ACCIDENT,交通事故,EVT_CASE_6F7A2A4A6F|EVT_TRAFFIC_ACCIDENT,加油站火灾|交通事故,EVT_TRAFFIC_ACCIDENT,交通事故,,,0.0000,,0.9000,某高速服务区加油站，一辆小型轿车在加油时，因驾驶员违规吸烟，引燃加油枪喷出的汽油，引发起火,REVIEW_REQUIRED
037_高速服务区加油站起火事故_b0ce6eb0,高速服务区加油站起火事故,交通应急处理案例3.txt,TMP_ACTI_8480BDE651,违规吸烟,Action,new_entity,MEA_CASE_F1317D2147,违规吸烟,true,,,,,,,,,,,0.5333,,0.8000,因驾驶员违规吸烟,AUTO_MEDIUM
038_城市快速路车辆抛锚引发拥堵事故_1458401e,城市快速路车辆抛锚引发拥堵事故,交通应急处理案例3.txt,TMP_EVEN_D7281D6986,车辆抛锚,Event,new_event_with_expansions,EVT_CASE_987220FC67,车辆抛锚,true,EVT_CASE_987220FC67,车辆抛锚,EVT_PASSENGER_STRANDING|EVT_VEHICLE_BACKLOG|EVT_TRAFFIC_ACCIDENT,旅客滞留|车辆积压|交通事故,EVT_CASE_987220FC67|EVT_PASSENGER_STRANDING|EVT_VEHICLE_BACKLOG|EVT_TRAFFIC_ACCIDENT,车辆抛锚|旅客滞留|车辆积压|交通事故,EVT_PASSENGER_STRANDING|EVT_VEHICLE_BACKLOG|EVT_TRAFFIC_ACCIDENT,旅客滞留|车辆积压|交通事故,,,0.0000,,0.9000,某市快速路，一辆大型客车在行驶中因发动机故障抛锚，停放在行车道与应急车道交界处,REVIEW_REQUIRED
038_城市快速路车辆抛锚引发拥堵事故_1458401e,城市快速路车辆抛锚引发拥堵事故,交通应急处理案例3.txt,TMP_EVEN_A44208D7F1,交通拥堵,Event,new_event,EVT_CASE_85237B46E2,交通拥堵,true,EVT_CASE_85237B46E2,交通拥堵,,,EVT_CASE_85237B46E2,交通拥堵,,,,,0.0000,,0.8500,引发交通拥堵,REVIEW_REQUIRED
038_城市快速路车辆抛锚引发拥堵事故_1458401e,城市快速路车辆抛锚引发拥堵事故,交通应急处理案例3.txt,TMP_EVEN_C56CA94611,旅客滞留,Event,new_event,EVT_PASSENGER_STRANDING,旅客滞留,true,EVT_PASSENGER_STRANDING,旅客滞留,,,EVT_PASSENGER_STRANDING,旅客滞留,,,,,0.0000,,0.9000,造成大型客车内30余名乘客滞留,REVIEW_REQUIRED
039_危化品运输车翻车泄漏污染农田事故_2fe5372a,危化品运输车翻车泄漏污染农田事故,交通应急处理案例3.txt,TMP_EVEN_DCB85AD4E8,危化品泄漏,Event,alias_match_with_expansions,EVT_HAZMAT_LEAK,危险化学品运输泄漏事件,false,EVT_HAZMAT_LEAK,危险化学品运输泄漏事件,EVT_HAZMAT_ACCIDENT|EVT_TRAFFIC_ACCIDENT,危险货物运输事故|交通事故,EVT_HAZMAT_LEAK|EVT_HAZMAT_ACCIDENT|EVT_TRAFFIC_ACCIDENT,危险化学品运输泄漏事件|危险货物运输事故|交通事故,,,EVT_HAZMAT_LEAK,危险化学品运输泄漏事件,0.0000,危险化学品运输泄漏事件,0.9000,一辆装载农药的罐式危化品运输车，因路面颠簸、驾驶员操作不当，发生翻车，罐体破损导致农药泄漏，泄漏的农药沿路面流淌至周边农田，污染农田约5亩,REVIEW_REQUIRED
039_危化品运输车翻车泄漏污染农田事故_2fe5372a,危化品运输车翻车泄漏污染农田事故,交通应急处理案例3.txt,TMP_RESO_4F25A952D4,农药,Resource,new_entity,RES_CASE_FE3C845011,农药,true,,,,,,,,,,,0.5333,,0.9000,装载农药的罐式危化品运输车,AUTO_MEDIUM
039_危化品运输车翻车泄漏污染农田事故_2fe5372a,危化品运输车翻车泄漏污染农田事故,交通应急处理案例3.txt,TMP_ACTI_F2DA2F3B0C,泄漏,Action,existing_match,MEA_CASE_B04D39E895,泄漏,false,,,,,,,,,MEA_CASE_B04D39E895,泄漏,1.0000,泄漏,0.9000,罐体破损导致农药泄漏,AUTO_HIGH
040_山区公路落石砸伤车辆事故_d001ab7c,山区公路落石砸伤车辆事故,交通应急处理案例3.txt,TMP_EVEN_5118D36C81,落石砸车,Event,alias_match_with_expansions,EVT_ROAD_DAMAGE,公路损毁,false,EVT_ROAD_DAMAGE,公路损毁,EVT_TRAFFIC_ACCIDENT|EVT_ROAD_INTERRUPTION,交通事故|公路中断,EVT_ROAD_DAMAGE|EVT_TRAFFIC_ACCIDENT|EVT_ROAD_INTERRUPTION,公路损毁|交通事故|公路中断,,,EVT_ROAD_DAMAGE,公路损毁,0.0000,公路损毁,0.9000,某山区公路，因突发暴雨，山体掉落一块直径约1米的石块，砸中行驶中的一辆小型轿车，轿车车顶被砸破，驾驶员被砸伤，石块落在路面中间，占用整个车道,REVIEW_REQUIRED
040_山区公路落石砸伤车辆事故_d001ab7c,山区公路落石砸伤车辆事故,交通应急处理案例3.txt,TMP_EVEN_83BF0FE809,暴雨,Event,new_event,EVT_RAINSTORM,暴雨,true,EVT_RAINSTORM,暴雨,,,EVT_RAINSTORM,暴雨,,,,,0.0000,,0.9500,因突发暴雨,REVIEW_REQUIRED
041_高速多车追尾引发大火事故_161260cb,高速多车追尾引发大火事故,交通应急处理案例3.txt,TMP_EVEN_22C013853C,高速追尾事故,Event,new_event_with_expansions,EVT_CASE_F942FD2EE9,高速追尾事故,true,EVT_CASE_F942FD2EE9,高速追尾事故,EVT_ROAD_INTERRUPTION|EVT_VEHICLE_BACKLOG|EVT_LONG_TUNNEL_ACCIDENT,公路中断|车辆积压|特长隧道安全事故,EVT_CASE_F942FD2EE9|EVT_ROAD_INTERRUPTION|EVT_VEHICLE_BACKLOG|EVT_LONG_TUNNEL_ACCIDENT,高速追尾事故|公路中断|车辆积压|特长隧道安全事故,EVT_ROAD_INTERRUPTION|EVT_VEHICLE_BACKLOG|EVT_LONG_TUNNEL_ACCIDENT,公路中断|车辆积压|特长隧道安全事故,,,0.0000,,0.9000,沪昆高速长沙段K1123公里处，因突发团雾，一辆重型货车与前方6辆小型轿车、3辆轻型货车发生连环追尾，多辆车辆碰撞后起火,REVIEW_REQUIRED
041_高速多车追尾引发大火事故_161260cb,高速多车追尾引发大火事故,交通应急处理案例3.txt,TMP_EVEN_40243CF0E8,团雾,Event,new_event,EVT_CASE_B9F7125E79,团雾,true,EVT_CASE_B9F7125E79,团雾,,,EVT_CASE_B9F7125E79,团雾,,,,,0.0000,,0.7000,因突发团雾,REVIEW_REQUIRED
042_城市路口电动车逆行碰撞行人事故_202885c9,城市路口电动车逆行碰撞行人事故,交通应急处理案例3.txt,TMP_EVEN_419B7C2C91,电动自行车碰撞行人,Event,new_event_with_expansions,EVT_CASE_236A5A2A08,电动自行车碰撞行人,true,EVT_CASE_236A5A2A08,电动自行车碰撞行人,EVT_VEHICLE_BACKLOG|EVT_ROAD_INTERRUPTION|EVT_ROAD_EMERGENCY|EVT_TRAFFIC_ACCIDENT,车辆积压|公路中断|公路交通突发事件|交通事故,EVT_CASE_236A5A2A08|EVT_VEHICLE_BACKLOG|EVT_ROAD_INTERRUPTION|EVT_ROAD_EMERGENCY|EVT_TRAFFIC_ACCIDENT,电动自行车碰撞行人|车辆积压|公路中断|公路交通突发事件|交通事故,EVT_VEHICLE_BACKLOG|EVT_ROAD_INTERRUPTION|EVT_ROAD_EMERGENCY|EVT_TRAFFIC_ACCIDENT,车辆积压|公路中断|公路交通突发事件|交通事故,,,0.0000,,0.9000,某市十字路口，一辆电动自行车闯红灯、逆行行驶，与正在绿灯通行的一名行人发生碰撞,REVIEW_REQUIRED
042_城市路口电动车逆行碰撞行人事故_202885c9,城市路口电动车逆行碰撞行人事故,交通应急处理案例3.txt,TMP_RESO_4FB0E57200,行人,Resource,new_entity,RES_CASE_DA80C609AB,行人,true,,,,,,,,,,,0.5333,,0.9500,一名行人,AUTO_MEDIUM
042_城市路口电动车逆行碰撞行人事故_202885c9,城市路口电动车逆行碰撞行人事故,交通应急处理案例3.txt,TMP_ACTI_A7CC8DEBB6,闯红灯,Action,existing_match,MEA_CASE_CF67B7CA0F,闯红灯,false,,,,,,,,,MEA_CASE_CF67B7CA0F,闯红灯,1.0000,闯红灯,0.9000,闯红灯,AUTO_HIGH
042_城市路口电动车逆行碰撞行人事故_202885c9,城市路口电动车逆行碰撞行人事故,交通应急处理案例3.txt,TMP_ACTI_7BFC47CE07,逆行,Action,existing_match,MEA_CASE_FEE3C04977,逆行,false,,,,,,,,,MEA_CASE_FEE3C04977,逆行,1.0000,逆行,0.9000,逆行行驶,AUTO_HIGH
042_城市路口电动车逆行碰撞行人事故_202885c9,城市路口电动车逆行碰撞行人事故,交通应急处理案例3.txt,TMP_ACTI_787A4C096B,疏散,Action,new_entity,MEA_CASE_1BCFC5476A,疏散,true,,,,,,,,,,,0.8667,,0.8000,疏散围观群众,AUTO_HIGH
042_城市路口电动车逆行碰撞行人事故_202885c9,城市路口电动车逆行碰撞行人事故,交通应急处理案例3.txt,TMP_ACTI_60FF2D897F,疏导,Action,new_entity,MEA_CASE_B804A6CFD8,疏导,true,,,,,,,,,,,0.8667,,0.8000,疏导过往车辆和行人,AUTO_HIGH
042_城市路口电动车逆行碰撞行人事故_202885c9,城市路口电动车逆行碰撞行人事故,交通应急处理案例3.txt,TMP_ACTI_5A15D4D480,现场勘查,Action,existing_match,MEA_CASE_C2D9BE1EAA,现场勘查,false,,,,,,,,,MEA_CASE_C2D9BE1EAA,现场勘查,1.0000,现场勘查,0.8000,开展现场勘查,AUTO_HIGH
042_城市路口电动车逆行碰撞行人事故_202885c9,城市路口电动车逆行碰撞行人事故,交通应急处理案例3.txt,TMP_ACTI_B1D5A264E9,责任认定,Action,existing_match,MEA_CASE_3BEB23D29A,责任认定,false,,,,,,,,,MEA_CASE_3BEB23D29A,责任认定,1.0000,责任认定,0.8000,开展责任认定,AUTO_HIGH
042_城市路口电动车逆行碰撞行人事故_202885c9,城市路口电动车逆行碰撞行人事故,交通应急处理案例3.txt,TMP_ACTI_03703D3475,处罚,Action,new_entity,MEA_CASE_52D03C4670,处罚,true,,,,,,,,,,,0.3533,,0.8000,进行处罚,REVIEW_REQUIRED
042_城市路口电动车逆行碰撞行人事故_202885c9,城市路口电动车逆行碰撞行人事故,交通应急处理案例3.txt,TMP_ACTI_F681AA1DFE,现场清理,Action,new_entity,MEA_CASE_B96269C236,现场清理,true,,,,,,,,,,,0.8667,,0.8000,协助清理现场,AUTO_HIGH
043_乡村道路校车与货车碰撞事故_056bd8b5,乡村道路校车与货车碰撞事故,交通应急处理案例3.txt,TMP_EVEN_B2DAF4C800,校车与货车碰撞,Event,new_event_with_expansions,EVT_CASE_DE8891D1DD,校车与货车碰撞,true,EVT_CASE_DE8891D1DD,校车与货车碰撞,EVT_ROAD_INTERRUPTION|EVT_TRAFFIC_ACCIDENT,公路中断|交通事故,EVT_CASE_DE8891D1DD|EVT_ROAD_INTERRUPTION|EVT_TRAFFIC_ACCIDENT,校车与货车碰撞|公路中断|交通事故,EVT_ROAD_INTERRUPTION|EVT_TRAFFIC_ACCIDENT,公路中断|交通事故,,,0.0000,,0.9000,某乡村道路，一辆载有12名学生的校车，在行驶中与一辆逆行的重型货车发生碰撞,REVIEW_REQUIRED
043_乡村道路校车与货车碰撞事故_056bd8b5,乡村道路校车与货车碰撞事故,交通应急处理案例3.txt,TMP_ACTI_A4037DA47A,碰撞,Action,existing_match,MEA_CASE_6B219E66DE,碰撞,false,,,,,,,,,MEA_CASE_6B219E66DE,碰撞,1.0000,碰撞,0.8000,发生碰撞,AUTO_HIGH
043_乡村道路校车与货车碰撞事故_056bd8b5,乡村道路校车与货车碰撞事故,交通应急处理案例3.txt,TMP_ACTI_FEDEBEB18D,安全检测,Action,new_entity,MEA_CASE_32710640CA,安全检测,true,,,,,,,,,,,0.4250,,0.7000,对事故路段进行安全检测,REVIEW_REQUIRED
044_隧道内车辆拥堵引发剐蹭事故_a5b5f089,隧道内车辆拥堵引发剐蹭事故,交通应急处理案例3.txt,TMP_EVEN_8722EB380A,车辆剐蹭,Event,alias_match_with_expansions,EVT_ROAD_INTERRUPTION,公路中断,false,EVT_ROAD_INTERRUPTION,公路中断,EVT_TRAFFIC_ACCIDENT,交通事故,EVT_ROAD_INTERRUPTION|EVT_TRAFFIC_ACCIDENT,公路中断|交通事故,,,EVT_ROAD_INTERRUPTION,公路中断,0.0000,公路中断,0.9000,一辆小型轿车在缓慢行驶中，与前方一辆SUV发生剐蹭,REVIEW_REQUIRED
044_隧道内车辆拥堵引发剐蹭事故_a5b5f089,隧道内车辆拥堵引发剐蹭事故,交通应急处理案例3.txt,TMP_EVEN_2182D18CCC,隧道拥堵,Event,new_event,EVT_CASE_080EA8EA9B,隧道拥堵,true,EVT_CASE_080EA8EA9B,隧道拥堵,,,EVT_CASE_080EA8EA9B,隧道拥堵,,,,,0.0000,,0.8000,隧道内发生拥堵，导致拥堵加剧,REVIEW_REQUIRED
044_隧道内车辆拥堵引发剐蹭事故_a5b5f089,隧道内车辆拥堵引发剐蹭事故,交通应急处理案例3.txt,TMP_RESO_556EAFF345,隧道,Resource,new_entity,RES_CASE_42E3A09DF1,隧道,true,,,,,,,,,,,0.0000,,0.9000,某城市隧道（长1000米）,REVIEW_REQUIRED
044_隧道内车辆拥堵引发剐蹭事故_a5b5f089,隧道内车辆拥堵引发剐蹭事故,交通应急处理案例3.txt,TMP_RESO_ED0DA39597,小型轿车,Resource,existing_match,RES_CASE_70407E27F9,小型轿车,false,,,,,,,,,RES_CASE_70407E27F9,小型轿车,1.0000,小型轿车,0.8000,一辆小型轿车,AUTO_HIGH
044_隧道内车辆拥堵引发剐蹭事故_a5b5f089,隧道内车辆拥堵引发剐蹭事故,交通应急处理案例3.txt,TMP_RESO_18EE231A2F,SUV,Resource,new_entity,RES_CASE_1F8958A05C,SUV,true,,,,,,,,,,,0.0000,,0.8000,一辆SUV,REVIEW_REQUIRED
044_隧道内车辆拥堵引发剐蹭事故_a5b5f089,隧道内车辆拥堵引发剐蹭事故,交通应急处理案例3.txt,TMP_ACTI_78655C7828,疏导,Action,new_entity,MEA_CASE_B804A6CFD8,疏导,true,,,,,,,,,,,0.8667,,0.7000,疏导隧道内拥堵车辆,AUTO_HIGH
044_隧道内车辆拥堵引发剐蹭事故_a5b5f089,隧道内车辆拥堵引发剐蹭事故,交通应急处理案例3.txt,TMP_ACTI_DBDFC78F8D,拖移,Action,new_entity,MEA_CASE_F85C37DD34,拖移,true,,,,,,,,,,,0.0000,,0.7000,对两车进行拖移,REVIEW_REQUIRED
045_暴雨天气高速路面积水车辆被困事故_fe1f8c53,暴雨天气高速路面积水车辆被困事故,交通应急处理案例3.txt,TMP_EVEN_EFCA8C387E,道路积水,Event,alias_match_with_expansions,EVT_METEO_ROAD,公路气象灾害,false,EVT_METEO_ROAD,公路气象灾害,EVT_RAINSTORM|EVT_ROAD_EMERGENCY,暴雨|公路交通突发事件,EVT_METEO_ROAD|EVT_RAINSTORM|EVT_ROAD_EMERGENCY,公路气象灾害|暴雨|公路交通突发事件,,,EVT_METEO_ROAD,公路气象灾害,0.0000,公路气象灾害,0.9000,因突发特大暴雨，路面积水最深达80厘米，一辆小型轿车、一辆轻型货车不慎驶入积水路段后熄火,REVIEW_REQUIRED
045_暴雨天气高速路面积水车辆被困事故_fe1f8c53,暴雨天气高速路面积水车辆被困事故,交通应急处理案例3.txt,TMP_EVEN_2BEE5E1C7D,暴雨,Event,alias_match,EVT_RAINSTORM,暴雨,false,EVT_RAINSTORM,暴雨,,,EVT_RAINSTORM,暴雨,,,EVT_RAINSTORM,暴雨,0.1950,暴雨天气,0.9500,突发特大暴雨,REVIEW_REQUIRED
045_暴雨天气高速路面积水车辆被困事故_fe1f8c53,暴雨天气高速路面积水车辆被困事故,交通应急处理案例3.txt,TMP_EVEN_6B018227BE,路面积水,Event,new_event,EVT_CASE_106C22F38E,路面积水,true,EVT_CASE_106C22F38E,路面积水,,,EVT_CASE_106C22F38E,路面积水,,,,,0.0000,,0.9000,路面积水最深达80厘米,REVIEW_REQUIRED
046_危化品运输车违规停放泄漏事故_25308dba,危化品运输车违规停放泄漏事故,交通应急处理案例3.txt,TMP_EVEN_2CBE3E56CF,危险化学品泄漏,Event,alias_match_with_expansions,EVT_HAZMAT_LEAK,危险化学品运输泄漏事件,false,EVT_HAZMAT_LEAK,危险化学品运输泄漏事件,EVT_HAZMAT_ACCIDENT,危险货物运输事故,EVT_HAZMAT_LEAK|EVT_HAZMAT_ACCIDENT,危险化学品运输泄漏事件|危险货物运输事故,,,EVT_HAZMAT_LEAK,危险化学品运输泄漏事件,0.0000,危险化学品运输泄漏事件,0.9800,一辆装载油漆的罐式危化品运输车，违规停放在路边过夜，因罐体阀门老化，导致油漆泄漏，泄漏的油漆沿路面流淌,REVIEW_REQUIRED
046_危化品运输车违规停放泄漏事故_25308dba,危化品运输车违规停放泄漏事故,交通应急处理案例3.txt,TMP_RESO_38A2C1787F,危化品运输车,Resource,new_entity,RES_CASE_DBB582ED02,危化品运输车,true,,,,,,,,,,,0.5333,,0.9500,一辆装载油漆的罐式危化品运输车,AUTO_MEDIUM
046_危化品运输车违规停放泄漏事故_25308dba,危化品运输车违规停放泄漏事故,交通应急处理案例3.txt,TMP_RESO_62DACFDD39,油漆,Resource,existing_match,RES_CASE_54576A6949,油漆,false,,,,,,,,,RES_CASE_54576A6949,油漆,1.0000,油漆,0.9500,装载油漆的罐式危化品运输车，导致油漆泄漏,AUTO_HIGH
046_危化品运输车违规停放泄漏事故_25308dba,危化品运输车违规停放泄漏事故,交通应急处理案例3.txt,TMP_ACTI_3CA60F7B84,堵漏,Action,existing_match,MEA_CASE_39D13A1B81,堵漏,false,,,,,,,,,MEA_CASE_39D13A1B81,堵漏,1.0000,堵漏,0.8000,对泄漏点进行堵漏,AUTO_HIGH
046_危化品运输车违规停放泄漏事故_25308dba,危化品运输车违规停放泄漏事故,交通应急处理案例3.txt,TMP_ACTI_4DF6703991,清理,Action,existing_match,MEA_CASE_F2C178773D,清理,false,,,,,,,,,MEA_CASE_F2C178773D,清理,1.0000,清理,0.8000,采取清理、吸附等措施控制污染,AUTO_HIGH
047_山区公路货车超载翻车事故_3d730728,山区公路货车超载翻车事故,交通应急处理案例3.txt,TMP_EVEN_FF77A4440C,车辆侧翻,Event,new_event_with_expansions,EVT_CASE_9CC62EF2EB,车辆侧翻,true,EVT_CASE_9CC62EF2EB,车辆侧翻,EVT_ROAD_INTERRUPTION|EVT_PRODUCTION_ACCIDENT|EVT_TRAFFIC_ACCIDENT,公路中断|公路交通运输生产事故|交通事故,EVT_CASE_9CC62EF2EB|EVT_ROAD_INTERRUPTION|EVT_PRODUCTION_ACCIDENT|EVT_TRAFFIC_ACCIDENT,车辆侧翻|公路中断|公路交通运输生产事故|交通事故,EVT_ROAD_INTERRUPTION|EVT_PRODUCTION_ACCIDENT|EVT_TRAFFIC_ACCIDENT,公路中断|公路交通运输生产事故|交通事故,,,0.0000,,0.9000,一辆重型货车超载运输砂石，因路面狭窄、坡度较大，驾驶员操作不当，车辆发生翻车,REVIEW_REQUIRED
047_山区公路货车超载翻车事故_3d730728,山区公路货车超载翻车事故,交通应急处理案例3.txt,TMP_ACTI_EA22B3B7D4,超载,Action,existing_match,MEA_CASE_A048795819,超载,false,,,,,,,,,MEA_CASE_A048795819,超载,1.0000,超载,0.8000,一辆重型货车超载运输砂石,AUTO_HIGH
047_山区公路货车超载翻车事故_3d730728,山区公路货车超载翻车事故,交通应急处理案例3.txt,TMP_EVEN_21E54C268E,道路中断,Event,new_event,EVT_CASE_A0BEE2C0CD,道路中断,true,EVT_CASE_A0BEE2C0CD,道路中断,,,EVT_CASE_A0BEE2C0CD,道路中断,,,,,0.0000,,0.8000,事故路段双向交通完全中断,REVIEW_REQUIRED
048_城市主干道施工车辆碰撞行人事故_b9b4272c,城市主干道施工车辆碰撞行人事故,交通应急处理案例3.txt,TMP_EVEN_597460070F,施工车辆碰撞行人,Event,alias_match_with_expansions,EVT_CONSTRUCTION_SAFETY,施工安全事故,false,EVT_CONSTRUCTION_SAFETY,施工安全事故,EVT_TRAFFIC_ACCIDENT,交通事故,EVT_CONSTRUCTION_SAFETY|EVT_TRAFFIC_ACCIDENT,施工安全事故|交通事故,,,EVT_CONSTRUCTION_SAFETY,施工安全事故,0.0000,施工安全事故,0.9000,某市主干道施工路段，一辆施工挖掘机在作业时，因驾驶员未观察周边路况，碰撞正在过马路的一名行人，行人被撞倒在地，挖掘机轻微受损,REVIEW_REQUIRED
048_城市主干道施工车辆碰撞行人事故_b9b4272c,城市主干道施工车辆碰撞行人事故,交通应急处理案例3.txt,TMP_DEPA_63B6906D6B,消防救援队伍,Department,existing_match,ORG_CASE_CECFFFD120,消防救援队伍,false,,,,,,,,,ORG_CASE_CECFFFD120,消防救援队伍,1.0000,消防救援队伍,0.9000,消防救援队伍赶赴现场,AUTO_HIGH
048_城市主干道施工车辆碰撞行人事故_b9b4272c,城市主干道施工车辆碰撞行人事故,交通应急处理案例3.txt,TMP_DEPA_7FF9000D4A,交警部门,Department,existing_match,ORG_CASE_C08151231F,交警部门,false,,,,,,,,,ORG_CASE_C08151231F,交警部门,1.0000,交警部门,0.9000,交警部门到场开展现场勘查,AUTO_HIGH
048_城市主干道施工车辆碰撞行人事故_b9b4272c,城市主干道施工车辆碰撞行人事故,交通应急处理案例3.txt,TMP_DEPA_898FA4A7B4,交通部门,Department,existing_match,ORG_CASE_B6CBD41599,交通部门,false,,,,,,,,,ORG_CASE_B6CBD41599,交通部门,1.0000,交通部门,0.9000,交通部门责令施工单位整改,AUTO_HIGH
048_城市主干道施工车辆碰撞行人事故_b9b4272c,城市主干道施工车辆碰撞行人事故,交通应急处理案例3.txt,TMP_ACTI_784A512E77,停止施工,Action,existing_match,MEA_CASE_03349F59B0,停止施工,false,,,,,,,,,MEA_CASE_03349F59B0,停止施工,1.0000,停止施工,0.8000,施工单位立即停止施工,AUTO_HIGH
048_城市主干道施工车辆碰撞行人事故_b9b4272c,城市主干道施工车辆碰撞行人事故,交通应急处理案例3.txt,TMP_ACTI_9EA7A7AC7D,现场勘查,Action,existing_match,MEA_CASE_C2D9BE1EAA,现场勘查,false,,,,,,,,,MEA_CASE_C2D9BE1EAA,现场勘查,1.0000,现场勘查,0.8000,开展现场勘查,AUTO_HIGH
048_城市主干道施工车辆碰撞行人事故_b9b4272c,城市主干道施工车辆碰撞行人事故,交通应急处理案例3.txt,TMP_ACTI_B5BED97637,整改安全隐患,Action,existing_match,MEA_CASE_12987E1F14,整改安全隐患,false,,,,,,,,,MEA_CASE_12987E1F14,整改安全隐患,1.0000,整改安全隐患,0.8000,责令施工单位整改安全隐患,AUTO_HIGH
049_高速路车辆爆胎侧滑碰撞护栏事故_2f64760b,高速路车辆爆胎侧滑碰撞护栏事故,交通应急处理案例3.txt,TMP_EVEN_C73246DC09,车辆侧滑碰撞,Event,new_event_with_expansions,EVT_CASE_51C41B32E7,车辆侧滑碰撞,true,EVT_CASE_51C41B32E7,车辆侧滑碰撞,EVT_TRAFFIC_ACCIDENT,交通事故,EVT_CASE_51C41B32E7|EVT_TRAFFIC_ACCIDENT,车辆侧滑碰撞|交通事故,EVT_TRAFFIC_ACCIDENT,交通事故,,,0.0000,,0.9000,车辆失控侧滑，碰撞高速公路右侧护栏,REVIEW_REQUIRED
049_高速路车辆爆胎侧滑碰撞护栏事故_2f64760b,高速路车辆爆胎侧滑碰撞护栏事故,交通应急处理案例3.txt,TMP_EVEN_29C0EC8E9B,爆胎,Event,new_event,EVT_CASE_67994BB4B4,爆胎,true,EVT_CASE_67994BB4B4,爆胎,,,EVT_CASE_67994BB4B4,爆胎,,,,,0.0000,,0.9500,因轮胎老化发生爆胎,REVIEW_REQUIRED
049_高速路车辆爆胎侧滑碰撞护栏事故_2f64760b,高速路车辆爆胎侧滑碰撞护栏事故,交通应急处理案例3.txt,TMP_ACTI_EF695F9C85,车辆侧滑,Action,existing_match,MEA_CASE_7719C4F54E,车辆侧滑,false,,,,,,,,,MEA_CASE_7719C4F54E,车辆侧滑,1.0000,车辆侧滑,0.9000,车辆失控侧滑,AUTO_HIGH
049_高速路车辆爆胎侧滑碰撞护栏事故_2f64760b,高速路车辆爆胎侧滑碰撞护栏事故,交通应急处理案例3.txt,TMP_RESO_2CCA9C3140,护栏,Resource,existing_match,RES_CASE_325A82726F,护栏,false,,,,,,,,,RES_CASE_325A82726F,护栏,1.0000,护栏,0.9000,碰撞高速公路右侧护栏，护栏被撞断,AUTO_HIGH
050_乡村道路电动三轮车载人碰撞事故_9f17a404,乡村道路电动三轮车载人碰撞事故,交通应急处理案例3.txt,TMP_EVEN_FD97A7986F,道路交通事故,Event,alias_match_with_expansions,EVT_TRAFFIC_ACCIDENT,交通事故,false,EVT_TRAFFIC_ACCIDENT,交通事故,EVT_ROAD_EMERGENCY,公路交通突发事件,EVT_TRAFFIC_ACCIDENT|EVT_ROAD_EMERGENCY,交通事故|公路交通突发事件,,,EVT_TRAFFIC_ACCIDENT,交通事故,0.0000,交通事故,0.9000,某乡村道路，一辆电动三轮车违规载人（载有4人），因驾驶员超速行驶，在弯道处与一辆小型货车发生碰撞，电动三轮车被撞翻，车上人员全部摔倒在地，小型货车车头轻微受损。,REVIEW_REQUIRED
050_乡村道路电动三轮车载人碰撞事故_9f17a404,乡村道路电动三轮车载人碰撞事故,交通应急处理案例3.txt,TMP_EVEN_0B3AC07FAF,交通事故,Event,new_event,EVT_TRAFFIC_ACCIDENT,交通事故,true,EVT_TRAFFIC_ACCIDENT,交通事故,,,EVT_TRAFFIC_ACCIDENT,交通事故,,,,,0.0000,,0.9500,发生碰撞,REVIEW_REQUIRED
050_乡村道路电动三轮车载人碰撞事故_9f17a404,乡村道路电动三轮车载人碰撞事故,交通应急处理案例3.txt,TMP_ACTI_E201F422B6,超速行驶,Action,existing_match,MEA_CASE_0B78E0C051,超速行驶,false,,,,,,,,,MEA_CASE_0B78E0C051,超速行驶,1.0000,超速行驶,0.8000,因驾驶员超速行驶,AUTO_HIGH
051_隧道内危化品车泄漏引发中毒事故_0fd25950,隧道内危化品车泄漏引发中毒事故,交通应急处理案例3.txt,TMP_EVEN_8E33210F9F,危险化学品运输泄漏事件,Event,alias_match_with_expansions,EVT_HAZMAT_LEAK,危险化学品运输泄漏事件,false,EVT_HAZMAT_LEAK,危险化学品运输泄漏事件,EVT_HAZMAT_ACCIDENT,危险货物运输事故,EVT_HAZMAT_LEAK|EVT_HAZMAT_ACCIDENT,危险化学品运输泄漏事件|危险货物运输事故,,,EVT_HAZMAT_LEAK,危险化学品运输泄漏事件,0.0000,危险化学品运输泄漏事件,0.9000,一辆装载有毒化学品（甲醛）的罐式危化品运输车，因罐体破损导致甲醛泄漏,REVIEW_REQUIRED
051_隧道内危化品车泄漏引发中毒事故_0fd25950,隧道内危化品车泄漏引发中毒事故,交通应急处理案例3.txt,TMP_EVEN_85F0A13266,危化品泄漏,Event,alias_match,EVT_HAZMAT_LEAK,危险化学品运输泄漏事件,false,EVT_HAZMAT_LEAK,危险化学品运输泄漏事件,,,EVT_HAZMAT_LEAK,危险化学品运输泄漏事件,,,EVT_HAZMAT_LEAK,危险化学品运输泄漏事件,0.2098,危化品车泄漏,0.9500,罐体破损导致甲醛泄漏,REVIEW_REQUIRED
051_隧道内危化品车泄漏引发中毒事故_0fd25950,隧道内危化品车泄漏引发中毒事故,交通应急处理案例3.txt,TMP_RESO_5EC48BCC6A,甲醛,Resource,new_entity,RES_CASE_056D880291,甲醛,true,,,,,,,,,,,0.0000,,0.9000,装载有毒化学品（甲醛）,REVIEW_REQUIRED
051_隧道内危化品车泄漏引发中毒事故_0fd25950,隧道内危化品车泄漏引发中毒事故,交通应急处理案例3.txt,TMP_ACTI_36C17D22CE,堵漏处置,Action,existing_match,MEA_CASE_26F6CA0D04,堵漏处置,false,,,,,,,,,MEA_CASE_26F6CA0D04,堵漏处置,1.0000,堵漏处置,0.7500,开展排烟通风、堵漏处置,AUTO_HIGH
051_隧道内危化品车泄漏引发中毒事故_0fd25950,隧道内危化品车泄漏引发中毒事故,交通应急处理案例3.txt,TMP_ACTI_CCF976B136,排烟通风,Action,existing_match,MEA_CASE_7B049C8E34,排烟通风,false,,,,,,,,,MEA_CASE_7B049C8E34,排烟通风,1.0000,排烟通风,0.7500,开展排烟通风、堵漏处置,AUTO_HIGH
051_隧道内危化品车泄漏引发中毒事故_0fd25950,隧道内危化品车泄漏引发中毒事故,交通应急处理案例3.txt,TMP_ACTI_FBD8C10047,安全转运,Action,new_entity,MEA_CASE_1F94E0BD1F,安全转运,true,,,,,,,,,,,0.8667,,0.7000,危化品专业处置队伍对剩余有毒化学品进行安全转运,AUTO_HIGH
052_暴雨引发山体滑坡掩埋车辆事故_85efeb44,暴雨引发山体滑坡掩埋车辆事故,交通应急处理案例3.txt,TMP_EVEN_A50806C021,山体滑坡,Event,alias_match_with_expansions,EVT_ROAD_INTERRUPTION,公路中断,false,EVT_ROAD_INTERRUPTION,公路中断,EVT_ROAD_EMERGENCY|EVT_RAINSTORM,公路交通突发事件|暴雨,EVT_ROAD_INTERRUPTION|EVT_ROAD_EMERGENCY|EVT_RAINSTORM,公路中断|公路交通突发事件|暴雨,,,EVT_ROAD_INTERRUPTION,公路中断,0.0000,公路中断,0.9000,某山区公路，因连续多日暴雨，山体发生大型滑坡，大量泥土、石块将行驶中的一辆小型轿车、一辆重型货车掩埋,REVIEW_REQUIRED
052_暴雨引发山体滑坡掩埋车辆事故_85efeb44,暴雨引发山体滑坡掩埋车辆事故,交通应急处理案例3.txt,TMP_EVEN_8D302B152E,暴雨,Event,new_event,EVT_RAINSTORM,暴雨,true,EVT_RAINSTORM,暴雨,,,EVT_RAINSTORM,暴雨,,,,,0.0000,,0.8500,连续多日暴雨,REVIEW_REQUIRED
053_高速货车与客车碰撞重大事故_e7324881,高速货车与客车碰撞重大事故,交通应急处理案例3.txt,TMP_EVEN_6A7131A4EC,重大恶性交通事故,Event,alias_match_with_expansions,EVT_MAJOR_TRAFFIC_ACCIDENT,重大恶性交通事故,false,EVT_MAJOR_TRAFFIC_ACCIDENT,重大恶性交通事故,EVT_TRAFFIC_ACCIDENT,交通事故,EVT_MAJOR_TRAFFIC_ACCIDENT|EVT_TRAFFIC_ACCIDENT,重大恶性交通事故|交通事故,,,EVT_MAJOR_TRAFFIC_ACCIDENT,重大恶性交通事故,0.0000,重大恶性交通事故,0.9000,京沪高速济南段K438公里处，一辆重型货车因超速行驶，与前方一辆载有45名乘客的大型客车发生正面碰撞，客车车身严重变形，货车车头损毁,REVIEW_REQUIRED
053_高速货车与客车碰撞重大事故_e7324881,高速货车与客车碰撞重大事故,交通应急处理案例3.txt,TMP_ACTI_FD010A6D43,超速行驶,Action,existing_match,MEA_CASE_0B78E0C051,超速行驶,false,,,,,,,,,MEA_CASE_0B78E0C051,超速行驶,1.0000,超速行驶,0.8500,一辆重型货车因超速行驶,AUTO_HIGH
053_高速货车与客车碰撞重大事故_e7324881,高速货车与客车碰撞重大事故,交通应急处理案例3.txt,TMP_ACTI_DEA8ACC2AE,正面碰撞,Action,existing_match,MEA_CASE_6BA428A393,正面碰撞,false,,,,,,,,,MEA_CASE_6BA428A393,正面碰撞,1.0000,正面碰撞,0.9000,发生正面碰撞,AUTO_HIGH
054_城市小区内车辆碰撞事故_6b5adc75,城市小区内车辆碰撞事故,交通应急处理案例3.txt,TMP_EVEN_F6F820AC19,车辆碰撞行人,Event,alias_match_with_expansions,EVT_ROAD_EMERGENCY,公路交通突发事件,false,EVT_ROAD_EMERGENCY,公路交通突发事件,EVT_TRAFFIC_ACCIDENT,交通事故,EVT_ROAD_EMERGENCY|EVT_TRAFFIC_ACCIDENT,公路交通突发事件|交通事故,,,EVT_ROAD_EMERGENCY,公路交通突发事件,0.0000,公路交通突发事件,0.9000,一辆小型轿车在行驶中，因驾驶员未观察前方路况，与正在小区内玩耍的一名儿童发生碰撞，儿童被撞倒在地。,REVIEW_REQUIRED
055_桥梁护栏破损车辆坠江事故_d6e9c6ca,桥梁护栏破损车辆坠江事故,交通应急处理案例3.txt,TMP_EVEN_4AE237240E,桥梁车辆坠落事故,Event,new_event_with_expansions,EVT_CASE_7B95449186,桥梁车辆坠落事故,true,EVT_CASE_7B95449186,桥梁车辆坠落事故,EVT_PRODUCTION_ACCIDENT|EVT_ROAD_DAMAGE|EVT_TRAFFIC_ACCIDENT,公路交通运输生产事故|公路损毁|交通事故,EVT_CASE_7B95449186|EVT_PRODUCTION_ACCIDENT|EVT_ROAD_DAMAGE|EVT_TRAFFIC_ACCIDENT,桥梁车辆坠落事故|公路交通运输生产事故|公路损毁|交通事故,EVT_PRODUCTION_ACCIDENT|EVT_ROAD_DAMAGE|EVT_TRAFFIC_ACCIDENT,公路交通运输生产事故|公路损毁|交通事故,,,0.0000,,0.9000,一辆小型轿车在行驶中，因驾驶员操作不当，车辆失控冲撞破损护栏，从桥梁坠落至江中,REVIEW_REQUIRED
055_桥梁护栏破损车辆坠江事故_d6e9c6ca,桥梁护栏破损车辆坠江事故,交通应急处理案例3.txt,TMP_EVEN_C1D448F2B2,桥梁护栏破损,Event,new_event,EVT_CASE_427F0A2151,桥梁护栏破损,true,EVT_CASE_427F0A2151,桥梁护栏破损,,,EVT_CASE_427F0A2151,桥梁护栏破损,,,,,0.0000,,0.9000,因桥梁护栏年久失修、破损严重,REVIEW_REQUIRED
056_冰雪路面高速多车连环追尾事故_5979c3c4,冰雪路面高速多车连环追尾事故,交通应急处理案例3.txt,TMP_EVEN_921C36F7F2,车辆侧滑,Event,new_event_with_expansions,EVT_CASE_F4726E4011,车辆侧滑,true,EVT_CASE_F4726E4011,车辆侧滑,EVT_ROAD_ICE|EVT_VEHICLE_BACKLOG|EVT_TRAFFIC_ACCIDENT,道路积冰|车辆积压|交通事故,EVT_CASE_F4726E4011|EVT_ROAD_ICE|EVT_VEHICLE_BACKLOG|EVT_TRAFFIC_ACCIDENT,车辆侧滑|道路积冰|车辆积压|交通事故,EVT_ROAD_ICE|EVT_VEHICLE_BACKLOG|EVT_TRAFFIC_ACCIDENT,道路积冰|车辆积压|交通事故,,,0.0000,,0.8500,一辆小型轿车行驶中发生侧滑,REVIEW_REQUIRED
057_危化品运输车与火车碰撞事故_98cb0816,危化品运输车与火车碰撞事故,交通应急处理案例3.txt,TMP_EVEN_3648FEE084,危化品运输车辆与火车碰撞,Event,alias_match_with_expansions,EVT_HAZMAT_ACCIDENT,危险货物运输事故,false,EVT_HAZMAT_ACCIDENT,危险货物运输事故,EVT_HAZMAT_LEAK|EVT_TRAFFIC_ACCIDENT,危险化学品运输泄漏事件|交通事故,EVT_HAZMAT_ACCIDENT|EVT_HAZMAT_LEAK|EVT_TRAFFIC_ACCIDENT,危险货物运输事故|危险化学品运输泄漏事件|交通事故,EVT_HAZMAT_ACCIDENT,危险货物运输事故,EVT_HAZMAT_ACCIDENT,危险货物运输事故,0.0000,危险货物运输事故,0.9000,某铁路道口，一辆装载液化天然气的罐式危化品运输车，在未观察铁路信号的情况下，强行通过铁路道口，与正在行驶的一列货运火车发生碰撞。,REVIEW_REQUIRED
057_危化品运输车与火车碰撞事故_98cb0816,危化品运输车与火车碰撞事故,交通应急处理案例3.txt,TMP_RESO_03C234A1A4,液化天然气,Resource,existing_match,RES_CASE_D5B0647912,液化天然气,false,,,,,,,,,RES_CASE_D5B0647912,液化天然气,1.0000,液化天然气,0.9000,装载液化天然气的罐式危化品运输车，液化天然气少量泄漏,AUTO_HIGH
057_危化品运输车与火车碰撞事故_98cb0816,危化品运输车与火车碰撞事故,交通应急处理案例3.txt,TMP_ACTI_4770170036,碰撞,Action,existing_match,MEA_CASE_6B219E66DE,碰撞,false,,,,,,,,,MEA_CASE_6B219E66DE,碰撞,1.0000,碰撞,0.8500,发生碰撞,AUTO_HIGH
057_危化品运输车与火车碰撞事故_98cb0816,危化品运输车与火车碰撞事故,交通应急处理案例3.txt,TMP_ACTI_644460837C,泄漏,Action,existing_match,MEA_CASE_B04D39E895,泄漏,false,,,,,,,,,MEA_CASE_B04D39E895,泄漏,1.0000,泄漏,0.8500,液化天然气少量泄漏,AUTO_HIGH
057_危化品运输车与火车碰撞事故_98cb0816,危化品运输车与火车碰撞事故,交通应急处理案例3.txt,TMP_ACTI_7E6D4DE031,堵漏,Action,existing_match,MEA_CASE_39D13A1B81,堵漏,false,,,,,,,,,MEA_CASE_39D13A1B81,堵漏,1.0000,堵漏,0.7500,对泄漏点进行堵漏,AUTO_HIGH
057_危化品运输车与火车碰撞事故_98cb0816,危化品运输车与火车碰撞事故,交通应急处理案例3.txt,TMP_ACTI_5E7EED28BF,稀释,Action,existing_match,MEA_CASE_00EC36C353,稀释,false,,,,,,,,,MEA_CASE_00EC36C353,稀释,1.0000,稀释,0.7500,稀释泄漏的液化天然气,AUTO_HIGH
057_危化品运输车与火车碰撞事故_98cb0816,危化品运输车与火车碰撞事故,交通应急处理案例3.txt,TMP_ACTI_09F022705E,清理,Action,existing_match,MEA_CASE_F2C178773D,清理,false,,,,,,,,,MEA_CASE_F2C178773D,清理,1.0000,清理,0.7500,清理铁路轨道,AUTO_HIGH
057_危化品运输车与火车碰撞事故_98cb0816,危化品运输车与火车碰撞事故,交通应急处理案例3.txt,TMP_ACTI_9CCBB95286,封闭,Action,new_entity,MEA_CASE_99B1ABF38B,封闭,true,,,,,,,,,,,0.3533,,0.7500,封闭公路事故路段,REVIEW_REQUIRED
058_乡村道路拖拉机载人翻车事故_9fe7f07a,乡村道路拖拉机载人翻车事故,交通应急处理案例3.txt,TMP_EVEN_087A08CD78,拖拉机翻车,Event,new_event_with_expansions,EVT_CASE_6E479B6FD4,拖拉机翻车,true,EVT_CASE_6E479B6FD4,拖拉机翻车,EVT_ROAD_INTERRUPTION,公路中断,EVT_CASE_6E479B6FD4|EVT_ROAD_INTERRUPTION,拖拉机翻车|公路中断,EVT_ROAD_INTERRUPTION,公路中断,,,0.0000,,0.9000,某乡村土路，一辆无牌拖拉机违规载人（载有6名村民），因驾驶员操作不当，在陡坡处发生翻车，拖拉机和所载村民全部摔倒在地，拖拉机严重损坏。,REVIEW_REQUIRED
058_乡村道路拖拉机载人翻车事故_9fe7f07a,乡村道路拖拉机载人翻车事故,交通应急处理案例3.txt,TMP_ACTI_FA8F375E6D,违规载人,Action,existing_match,MEA_CASE_C84BF577DD,违规载人,false,,,,,,,,,MEA_CASE_C84BF577DD,违规载人,1.0000,违规载人,0.8000,一辆无牌拖拉机违规载人（载有6名村民）,AUTO_HIGH
058_乡村道路拖拉机载人翻车事故_9fe7f07a,乡村道路拖拉机载人翻车事故,交通应急处理案例3.txt,TMP_EVEN_AAEDFE4F11,交通中断,Event,alias_match,EVT_ROAD_INTERRUPTION,公路中断,false,EVT_ROAD_INTERRUPTION,公路中断,,,EVT_ROAD_INTERRUPTION,公路中断,,,EVT_ROAD_INTERRUPTION,公路中断,0.1974,交通中断,0.7000,事故路段双向交通中断,REVIEW_REQUIRED
059_城市快速路车辆起火引燃周边车辆事故_de1b4999,城市快速路车辆起火引燃周边车辆事故,交通应急处理案例3.txt,TMP_EVEN_D97AD1BA40,车辆起火,Event,alias_match_with_expansions,EVT_LONG_TUNNEL_ACCIDENT,特长隧道安全事故,false,EVT_LONG_TUNNEL_ACCIDENT,特长隧道安全事故,EVT_TRAFFIC_ACCIDENT,交通事故,EVT_LONG_TUNNEL_ACCIDENT|EVT_TRAFFIC_ACCIDENT,特长隧道安全事故|交通事故,,,EVT_LONG_TUNNEL_ACCIDENT,特长隧道安全事故,0.0000,特长隧道安全事故,0.9000,一辆小型轿车在行驶中因电路短路引发起火，火势迅速蔓延至周边2辆轿车、1辆SUV,REVIEW_REQUIRED
059_城市快速路车辆起火引燃周边车辆事故_de1b4999,城市快速路车辆起火引燃周边车辆事故,交通应急处理案例3.txt,TMP_ACTI_D81F59355B,电路短路,Action,existing_match,MEA_CASE_AD66F64BE8,电路短路,false,,,,,,,,,MEA_CASE_AD66F64BE8,电路短路,1.0000,电路短路,0.8000,因电路短路引发起火,AUTO_HIGH
060_城市快速路夜间事故_0fd6ca79,城市快速路夜间事故,交通应急处理案例3.txt,TMP_EVEN_D5DBC43A91,追尾碰撞,Event,new_event_with_expansions,EVT_CASE_40909F589C,追尾碰撞,true,EVT_CASE_40909F589C,追尾碰撞,EVT_VEHICLE_BACKLOG|EVT_TRAFFIC_ACCIDENT,车辆积压|交通事故,EVT_CASE_40909F589C|EVT_VEHICLE_BACKLOG|EVT_TRAFFIC_ACCIDENT,追尾碰撞|车辆积压|交通事故,EVT_VEHICLE_BACKLOG|EVT_TRAFFIC_ACCIDENT,车辆积压|交通事故,,,0.0000,,0.9000,一辆大型货车因驾驶员疲劳驾驶，与前方一辆小型轿车发生追尾碰撞,REVIEW_REQUIRED
060_城市快速路夜间事故_0fd6ca79,城市快速路夜间事故,交通应急处理案例3.txt,TMP_ACTI_2DA7C906E0,疲劳驾驶,Action,existing_match,MEA_CASE_A6CD658948,驾驶员疲劳驾驶,false,,,,,,,,,MEA_CASE_A6CD658948,驾驶员疲劳驾驶,0.9573,驾驶员疲劳驾驶,0.8000,因驾驶员疲劳驾驶,AUTO_HIGH
